correct	VR	corrected	prob
De meeste mensen deugen 	De deugen meeste mensen 	De deugen meeste mensen	4.288443961583378e-14
Ontzettend bedankt voor jullie steun 	Ontzettend voor bedankt jullie steun 	Ontzettend bedankt voor jullie steun	1.5032424529434477e-21
Maar toen kwam corona 	Maar toen corona kwam 	Maar toen corona kwam	3.077658461541119e-16
Daarbij werd vuurwerk afgestoken 	Daarbij afgestoken vuurwerk werd 	Daarbij werd vuurwerk afgestoken	1.4033950302639283e-20
Er werden geen arrestaties verricht 	werden verricht Er geen arrestaties 	Er werden geen arrestaties verricht	4.3120909014687796e-19
Maak duidelijke spelregels voor thuiswerk 	duidelijke spelregels voor thuiswerk Maak 	duidelijke spelregels Maak voor thuiswerk	2.788091550124266e-24
Waarom was Tetris zo verslavend 	was Waarom Tetris zo verslavend 	Waarom Tetris zo verslavend was	1.678683747375101e-20
Ze overleggen met buren 	overleggen Ze met buren 	Ze overleggen met buren	1.4886083790582557e-17
Komen tot een juiste conclusie 	tot een juiste Komen conclusie 	Komen tot een juiste conclusie	4.13458803328342e-18
Hoe staat het ervoor 	staat Hoe het ervoor 	Hoe staat het ervoor	2.087899494392924e-13
Dat is een groot pluspunt 	Dat een is groot pluspunt 	Dat is een groot pluspunt	1.1704128536262618e-14
Dat aangeboren systeem is aspecifiek 	Dat aangeboren is systeem aspecifiek 	Dat aangeboren systeem is aspecifiek	1.8502739295716896e-20
Deze afweer heeft twee vormen 	heeft Deze afweer twee vormen 	Deze afweer heeft twee vormen	7.702553813040882e-20
Moet ik aangifte erfbelasting doen 	ik aangifte doen erfbelasting Moet 	ik Moet aangifte erfbelasting doen	2.9889961824371433e-20
Schud geen handen 	geen Schud handen 	geen Schud handen	6.193211217746828e-17
Hebt u een afspraak 	u Hebt een afspraak 	Hebt u een afspraak	2.927090124152788e-14
Kom zo veel mogelijk alleen 	zo Kom veel mogelijk alleen 	zo veel mogelijk Kom alleen	3.574692251247723e-18
Hebt u hulp nodig 	u hulp Hebt nodig 	Hebt u hulp nodig	5.485970433127191e-17
Wij helpen u graag verder 	Wij u graag helpen verder 	Wij helpen u graag verder	3.711295028433654e-19
Wilt u liever langskomen 	langskomen u Wilt liever 	Wilt u liever langskomen	8.538474460816363e-18
Dan kan ook 	kan Dan ook 	Dan kan ook	1.160488092997841e-11
De tweede bel is gegaan 	De tweede is bel gegaan 	De tweede bel is gegaan	5.532187478576398e-17
En geeft dus een antwoord 	En dus geeft een antwoord 	En dus geeft een antwoord	1.73097894583258e-16
Welke achternaam krijgt uw kind 	krijgt Welke achternaam uw kind 	Welke achternaam krijgt uw kind	3.0330063827877673e-19
De longen bestaan uit longblaasjes 	bestaan De longen uit longblaasjes 	De longen bestaan uit longblaasjes	1.5199767705396607e-18
Om de longblaasjes lopen bloedvaatjes 	Om lopen de longblaasjes bloedvaatjes 	Om de longblaasjes lopen bloedvaatjes	3.782054440599708e-18
Maar het kan ook anders 	kan Maar het ook anders 	Maar het kan ook anders	1.491729367709839e-13
Hiv is een virus 	Hiv een is virus 	Hiv is een virus	1.251838136744155e-17
Daar verdubbelt hij zich telkens 	Daar hij verdubbelt zich telkens 	Daar hij zich telkens verdubbelt	1.4554669338446442e-18
Het virus wordt groter 	Het virus groter wordt 	Het virus wordt groter	2.2487015115787278e-15
Je lichaam heeft een immuunsysteem 	heeft Je lichaam een immuunsysteem 	Je lichaam heeft een immuunsysteem	4.130087657320207e-17
Zo moet dat dus kindertjes 	Zo dat moet dus kindertjes 	Zo moet dat dus kindertjes	3.3833759668418437e-19
Hoe zit dat eigenlijk 	zit Hoe dat eigenlijk 	Hoe zit dat eigenlijk	2.4009669893405495e-12
Helpt een keurmerk dan nog 	een keurmerk dan nog Helpt 	een keurmerk Helpt dan nog	9.083140435394023e-20
Hiertegen was veel tegenstand 	Hiertegen veel tegenstand was 	Hiertegen was veel tegenstand	4.7720134459273506e-18
Is dat iets voor jou 	dat iets voor Is jou 	dat Is iets voor jou	6.241851435264134e-15
Hiervoor moet je gestudeerd hebben 	moet hebben Hiervoor gestudeerd je 	Hiervoor moet je hebben gestudeerd	2.581575286786384e-18
De arm wordt dan gebogen 	De gebogen arm dan wordt 	De arm wordt dan gebogen	1.8598714122800062e-17
Dit principe heet antagonisme 	Dit principe antagonisme heet 	Dit principe heet antagonisme	1.3791423230205758e-17
De arm wordt dan gebogen 	De gebogen arm wordt dan 	De arm wordt dan gebogen	1.8598714122800062e-17
De triceps wordt hierdoor uitgerekt 	wordt De triceps uitgerekt hierdoor 	De triceps wordt hierdoor uitgerekt	1.3364925364357578e-17
De biceps wordt uitgerekt 	De wordt biceps uitgerekt 	De biceps wordt uitgerekt	1.0580324921873358e-13
Ik schreeuw het uit 	Ik het uit schreeuw 	Ik het uit schreeuw	1.5448069397628604e-18
Daarna kijk ik voorbij Caldicot 	kijk Daarna ik voorbij Caldicot 	Daarna kijk ik voorbij Caldicot	5.701637362064495e-22
Vluchtelingenjongeren vormen een kwetsbare groep 	Vluchtelingenjongeren een kwetsbare groep vormen 	Vluchtelingenjongeren vormen een kwetsbare groep	3.3356115983081522e-18
Asscher getuigde voor die commissie 	Asscher voor getuigde die commissie 	Asscher voor die getuigde commissie	1.5728301501121539e-18
Wat zijn de Algemene Voorwaarden 	zijn Wat de Algemene Voorwaarden 	Wat zijn de Algemene Voorwaarden	2.6308191128048786e-17
Een naadverbinding is stevig 	Een naadverbinding stevig is 	Een naadverbinding is stevig	4.5576432432529675e-14
Tussen de wervels zitten kraakbeenschijven 	Tussen zitten de wervels kraakbeenschijven 	Tussen de wervels zitten kraakbeenschijven	1.1861110121668974e-19
In het gewricht zit gewrichtssmeer 	zit In het gewricht gewrichtssmeer 	In het gewricht zit gewrichtssmeer	1.3622433325533048e-18
Behalve als je dement bent 	Behalve als je bent dement 	Behalve als je dement bent	3.249302928600613e-19
En hoe kan het wél 	En kan hoe het wél 	En hoe kan het wél	6.975216684507828e-15
Waarom is me een raadsel 	Waarom me is een raadsel 	Waarom is me een raadsel	1.0343817621201107e-17
Een eenvoudig antwoord is mi 	Een eenvoudig antwoord mi is 	Een eenvoudig antwoord is mi	5.175851239412686e-19
Verschillende ontwikkelingen kunnen onderwijsinnovaties bevorderen 	Verschillende bevorderen kunnen ontwikkelingen onderwijsinnovaties 	Verschillende bevorderen ontwikkelingen onderwijsinnovaties kunnen	4.6644875115629906e-24
Laat leerstof actief verwerken 	leerstof Laat verwerken actief 	leerstof Laat actief verwerken	1.9677407325740812e-22
Dit stond erin 	stond Dit erin 	Dit stond erin	1.0726037637232093e-12
En dat heb ik gedaan 	gedaan heb En dat ik 	En dat heb ik gedaan	1.9353482386966315e-12
Dit is dat briefje 	Dit dat briefje is 	Dit is dat briefje	1.7558589894769377e-14
Ze las het en zuchtte 	las Ze het zuchtte en 	Ze las het en zuchtte	5.013369319770159e-18
Het was weer zover 	Het weer was zover 	Het was weer zover	3.751484183954718e-13
Was alles in orde 	alles in orde Was 	alles Was in orde	4.8438759084491406e-15
Niets wat opviel 	Niets opviel wat 	Niets opviel wat	5.893244076986191e-15
Dat was het belangrijkste 	Dat het belangrijkste was 	Dat was het belangrijkste	1.399471241127299e-10
In het bloedplasma zitten plasmaeiwitten 	In zitten het bloedplasma plasmaeiwitten 	In het bloedplasma zitten plasmaeiwitten	1.740445866626463e-16
Rode bloedcellen hebben geen kern 	Rode hebben bloedcellen geen kern 	Rode bloedcellen hebben geen kern	3.7684985770980495e-23
Bloed bevat ook kleurloze bloedcellen 	bevat Bloed ook kleurloze bloedcellen 	Bloed bevat ook kleurloze bloedcellen	1.0243984481357677e-22
Bloed blijft onophoudelijk circuleren rondgaan 	Bloed onophoudelijk circuleren blijft rondgaan 	Bloed blijft onophoudelijk rondgaan circuleren	1.4677572633304017e-27
De egel bleef staan 	staan De egel bleef 	De egel bleef staan	1.173764394049396e-14
Laten we terug gaan 	we terug gaan Laten 	Laten we terug gaan	1.3523716534849628e-14
Ze loopt weer terug 	loopt Ze weer terug 	Ze loopt weer terug	1.609966888842987e-13
Ze komt wel hierheen 	Ze wel hierheen komt 	Ze komt wel hierheen	1.954529028314228e-14
Zou ze iets zoeken 	ze iets zoeken Zou 	ze Zou iets zoeken	7.796560626971416e-16
Misschien is het net opgekomen 	opgekomen Misschien het is net 	Misschien is het net opgekomen	4.580439576391006e-18
Hoe kon dit gebeuren 	Hoe gebeuren dit kon 	Hoe dit kon gebeuren	1.5099211450343967e-14
Deze hokjes noemde hij cellen 	Deze hokjes hij cellen noemde 	Deze hokjes noemde hij cellen	1.242448212814652e-21
Dat is meestal DNA 	is Dat meestal DNA 	Dat is meestal DNA	2.4451319299093735e-16
De meeste cellen bezitten organellen 	De meeste organellen cellen bezitten 	De meeste organellen bezitten cellen	1.6238958706102594e-18
De celkern bestaat uit kernplasma 	bestaat De celkern uit kernplasma 	De celkern bestaat uit kernplasma	2.4195142501544866e-18
Brandstoffen leveren energie 	Brandstoffen energie leveren 	Brandstoffen energie leveren	2.3276184637359857e-18
Eiwitten zijn geen reservestof 	zijn Eiwitten geen reservestof 	zijn Eiwitten geen reservestof	4.511908176516256e-18
De brandweer kent verschillende rangen 	De brandweer verschillende rangen kent 	De brandweer kent verschillende rangen	1.534715063695472e-19
Het wordt daardoor heel spannend 	Het daardoor heel spannend wordt 	Het wordt daardoor heel spannend	7.690912559570506e-15
Het broeikaseffect kennen we allemaal 	kennen Het broeikaseffect we allemaal 	Het broeikaseffect kennen we allemaal	3.8059933264110404e-18
Hoe zat het ook alweer 	Hoe het ook zat alweer 	Hoe zat het ook alweer	2.2664350393904274e-13
Wij betalen uw vaste lasten 	Wij uw vaste lasten betalen 	Wij betalen uw vaste lasten	2.952949785521908e-20
Alle organismen bestaan uit cellen 	Alle organismen uit bestaan cellen 	Alle cellen organismen uit bestaan	2.1005523005596426e-23
Een voorbeeld is het pantoffeldiertje 	is Een voorbeeld het pantoffeldiertje 	Een voorbeeld is het pantoffeldiertje	3.1114505316969503e-15
Er zijn veel verschillende weefsels 	Er veel zijn verschillende weefsels 	Er zijn veel verschillende weefsels	2.157542335241981e-18
Een voorbeeld zijn de bloedcellen 	Een voorbeeld de zijn bloedcellen 	Een voorbeeld de zijn bloedcellen	8.1144188837586e-21
Elke cel is weer anders 	Elke is cel weer anders 	Elke cel is weer anders	5.476055226460913e-18
Botcellen zorgen voor stevigheid 	Botcellen voor zorgen stevigheid 	Botcellen voor zorgen stevigheid	3.951083719817557e-18
Bacteriën hebben een los chromosoom 	Bacteriën een los chromosoom hebben 	Bacteriën hebben een los chromosoom	1.0527122567550556e-23
Celwanden zorgen voor stevigheid 	Celwanden voor stevigheid zorgen 	zorgen Celwanden voor stevigheid	6.299415333728726e-20
De celkern bestaat uit kernplasma 	bestaat De celkern uit kernplasma 	De celkern bestaat uit kernplasma	2.4195142501544866e-18
Hij was natuurwetenschapper 	Hij natuurwetenschapper was 	Hij was natuurwetenschapper	1.0186633831702363e-09
Ook bestudeerde hij veel dieren 	bestudeerde Ook hij veel dieren 	Ook hij bestudeerde veel dieren	1.197234996848538e-19
Waar moet ik beginnen 	beginnen Waar moet ik 	Waar moet ik beginnen	4.0699124515565747e-13
Het is niet eerlijk 	Het niet is eerlijk 	Het is niet eerlijk	1.6264015694545945e-11
Meneer Gersteman bleef staan 	staan bleef Meneer Gersteman 	Meneer Gersteman bleef staan	2.524822501191644e-19
Dat maakt haar een burgerjournalist 	Dat haar een burgerjournalist maakt 	Dat maakt haar een burgerjournalist	1.504474237377341e-16
Het christendom veranderde 	veranderde Het christendom 	Het veranderde christendom	1.3116183771387413e-14
Doe precies hetzelfde terug 	precies hetzelfde Doe terug 	Doe precies hetzelfde terug	1.2694056949925005e-17
Om van elkaar te leren 	Om van elkaar leren te 	Om van elkaar te leren	1.5242048660411208e-15
Blauwalgenprotocol 2020 is een update 	is Blauwalgenprotocol 2020 een update 	is Blauwalgenprotocol 2020 een update	2.1112066127113108e-19
Blauwalgen kunnen soms giftig zijn 	Blauwalgen soms giftig kunnen zijn 	zijn Blauwalgen kunnen soms giftig	2.5461486715775205e-18
Het eticket is persoonsgebonden 	Het is eticket persoonsgebonden 	Het is eticket persoonsgebonden	1.5870468251944138e-15
Je krijgt een thermometer 	krijgt Je een thermometer 	Je krijgt een thermometer	1.998216772348335e-12
Mensen rekken hun halzen 	rekken Mensen hun halzen 	Mensen rekken hun halzen	5.5069782493119774e-17
Waar moet het om lachen 	Waar het moet om lachen 	Waar moet het om lachen	1.8300963776550397e-15
Van welke muziek houdt het 	Van welke muziek het houdt 	Van welke muziek houdt het	2.1491361758674053e-17
Het is 2020 	is Het 2020 	Het is 2020	2.0481276239330346e-13
Wat zijn wilde bijen 	zijn Wat wilde bijen 	Wat wilde zijn bijen	4.836926427625311e-15
Een taart bakken 	bakken Een taart 	Een taart bakken	1.4430696877402864e-14
De heks zuchtte 	De zuchtte heks 	De zuchtte heks	3.329185228696678e-13
Ze verveelde zich 	Ze zich verveelde 	Ze verveelde zich	5.849502803071491e-13
Maar wat was dat 	Maar was wat dat 	Maar wat was dat	8.74408740647259e-10
Dat is waar ook 	Dat waar ook is 	Dat waar ook is	5.822121003551414e-13
Dat had ik goed opgeborgen 	had Dat ik goed opgeborgen 	Dat ik goed opgeborgen had	5.03952076232464e-16
Bleek gleed hij naar beneden 	Bleek hij naar gleed beneden 	hij Bleek naar beneden gleed	5.1205393082617474e-21
Je had me niet gehoord 	Je gehoord me niet had 	Je had me niet gehoord	1.6967348285562956e-16
De egel stond stil 	stond De egel stil 	De egel stond stil	3.5543391154745783e-14
Hij keek langs het heuveltje 	keek Hij langs het heuveltje 	Hij keek langs het heuveltje	3.3884543240744414e-19
Wat doe je 	doe Wat je 	Wat doe je	8.185411449909388e-10
Wie doet dat nou 	doet Wie dat nou 	Wie doet dat nou	9.626481007789402e-12
Het strand was vrijwel verlaten 	was Het verlaten strand vrijwel 	Het strand was vrijwel verlaten	2.8549742932961155e-19
Wonderen gebeuren altijd onverwacht 	Wonderen altijd onverwacht gebeuren 	Wonderen altijd onverwacht gebeuren	1.3407698282824923e-20
Het is prachtig 	Het prachtig is 	Het is prachtig	2.549364601161958e-10
De oorlog veranderde Europa voorgoed 	De oorlog Europa veranderde voorgoed 	De oorlog veranderde Europa voorgoed	1.1560269481280348e-20
Dat gebeurde in 1914 	Dat in gebeurde 1914 	Dat gebeurde in 1914	5.650737933063917e-13
OostenrijkHongarije verklaarde Servië de oorlog 	OostenrijkHongarije Servië de oorlog verklaarde 	OostenrijkHongarije verklaarde Servië de oorlog	8.718519772358047e-22
Welke landen vochten samen 	Welke landen samen vochten 	Welke landen vochten samen	3.977613746282061e-17
Zij waren de centralen 	waren Zij de centralen 	Zij waren de centralen	1.8365913129682575e-11
Zij waren de geallieerden 	Zij de waren geallieerden 	Zij waren de geallieerden	3.681111937076544e-13
Deze familie heeft veertien familieleden 	Deze familie veertien heeft familieleden 	Deze familie heeft veertien familieleden	3.202190990108454e-20
Ik zeg pastinaak 	Ik pastinaak zeg 	Ik zeg pastinaak	6.878891068073961e-13
Het rumoer is vlakbij 	Het is rumoer vlakbij 	Het rumoer is vlakbij	3.4392456909107287e-17
Sandrine blijft nieuwsgierig kijken 	Sandrine blijft kijken nieuwsgierig 	Sandrine blijft nieuwsgierig kijken	1.3979432944845142e-20
Sandrine trekt haar hoofd terug 	Sandrine haar hoofd trekt terug 	Sandrine trekt haar hoofd terug	7.962913066492558e-22
Je hoort vreemde verhalen tegenwoordig 	Je vreemde verhalen tegenwoordig hoort 	Je hoort vreemde verhalen tegenwoordig	1.0267994261616124e-22
Dat doe ik niet 	Dat ik niet doe 	Dat doe ik niet	9.087458475049536e-12
Cesar begrijpt het niet 	begrijpt Cesar het niet 	Cesar begrijpt het niet	7.959477382600032e-19
In Amsterdam is veel handel 	In Amsterdam veel handel is 	In Amsterdam is veel handel	8.945252297075613e-17
Je spreekt van mechanische bescherming 	Je van spreekt mechanische bescherming 	Je spreekt van mechanische bescherming	1.0429117865186423e-20
Het was geen bijzondere stoel 	Het geen was bijzondere stoel 	Het was geen bijzondere stoel	5.135574814957076e-16
Wij kweken draken 	kweken draken Wij 	kweken draken Wij	1.175955211047481e-14
Diamanten ogen schitteren 	schitteren Diamanten ogen 	Diamanten ogen schitteren	3.3617223723149176e-19
Klauwen grijpen zich vast 	Klauwen zich grijpen vast 	grijpen Klauwen zich vast	5.0463658428400453e-20
Vonken knetteren 	knetteren Vonken 	Vonken knetteren	7.816041790938925e-14
Niemand weet het 	weet Niemand het 	Niemand weet het	2.0626159243475282e-11
Natuurlijk wil je dat 	Natuurlijk je dat wil 	Natuurlijk je wil dat	1.96190193885301e-14
Hierop stond Kleiverveien 	Hierop Kleiverveien stond 	Hierop stond Kleiverveien	7.656651238145072e-15
Ginder heette hij 	heette Ginder hij 	Ginder heette hij	1.5031577608605376e-15
Grootmoeder was een bijzondere vrouw 	Grootmoeder een was bijzondere vrouw 	Grootmoeder was een bijzondere vrouw	2.638625730758401e-19
Ravi stond aan de vloedlijn 	Ravi aan de vloedlijn stond 	Ravi aan stond de vloedlijn	7.698415595287131e-22
Het werd zomer 	werd Het zomer 	Het zomer werd	4.140197497958984e-12
Was het een gevoel 	het een Was gevoel 	Was het een gevoel	2.5839552013958167e-14
Dit zijn de stafleden 	Dit de stafleden zijn 	Dit zijn de stafleden	3.7828614359467675e-14
Deze klus is succesvol afgerond 	afgerond is Deze klus succesvol 	Deze klus is succesvol afgerond	1.458175748116467e-20
Een zondaar zeiden de priesters 	zeiden Een zondaar de priesters 	Een zondaar zeiden de priesters	2.750785055852777e-21
Een egoïst zeiden de boekhouders 	Een egoïst de boekhouders zeiden 	Een egoïst zeiden de boekhouders	2.2120609199881627e-16
Er valt een stilte 	Er een stilte valt 	Er valt een stilte	3.948399004017881e-15
Heb je hem al opengemaakt 	opengemaakt je hem Heb al 	Heb je hem al opengemaakt	4.572374082990518e-19
De uitvoerders werken zeer zelfstandig 	werken De uitvoerders zeer zelfstandig 	De uitvoerders werken zeer zelfstandig	1.0433011958260901e-20
De gezagslijnen zijn zwak 	De zijn gezagslijnen zwak 	De zijn gezagslijnen zwak	4.4354995859856793e-16
Alles behoort tot ieders taak 	Alles tot ieders behoort taak 	Alles behoort tot ieders taak	2.424197910546875e-20
Hoeveel dingen mag je kiezen 	kiezen Hoeveel dingen je mag 	Hoeveel dingen mag je kiezen	1.2002283913256175e-17
Waar kun je iets doen 	kun doen Waar je iets 	Waar kun je iets doen	3.867683844412518e-14
Maarschalk Pétain werd staatshoofd 	werd Maarschalk Pétain staatshoofd 	Maarschalk Pétain werd staatshoofd	2.507923644622861e-22
Er wordt iemand beroofd 	Er iemand beroofd wordt 	Er wordt iemand beroofd	1.0106899326553465e-15
Hij is helemaal van streek 	Hij helemaal is van streek 	Hij is helemaal van streek	1.093282449691264e-14
Domper ging zitten 	zitten ging Domper 	Domper ging zitten	1.2882381188977312e-16
Morgen wordt wereldwijd pidag gevierd 	gevierd Morgen wordt wereldwijd pidag 	Morgen wordt wereldwijd pidag gevierd	1.828921448755071e-22
Dat wist hij zeker 	Dat hij wist zeker 	Dat wist hij zeker	5.12736067384845e-14
We zijn met duizenden 	We met duizenden zijn 	We met zijn duizenden	4.312519696756626e-14
Dat is makkelijker 	is Dat makkelijker 	Dat is makkelijker	1.267939945630335e-10
Dat ben ik 	ben Dat ik 	Dat ben ik	1.2907416442995931e-09
Wat is COPD 	Wat COPD is 	Wat is COPD	5.021076600820215e-12
Hoe werken mijn longen 	werken Hoe mijn longen 	Hoe werken mijn longen	1.780143876140856e-16
U heeft twee longen 	U twee heeft longen 	U heeft twee longen	2.2756697477245605e-15
Zo krijgt het bloed zuurstof 	krijgt Zo het bloed zuurstof 	Zo krijgt het bloed zuurstof	9.324154294871332e-21
Dit slijmvlies geeft bescherming 	Dit slijmvlies bescherming geeft 	Dit slijmvlies geeft bescherming	3.655595617499193e-20
Wat is COPD 	Wat COPD is 	Wat is COPD	5.021076600820215e-12
COPD is een longziekte 	COPD een longziekte is 	COPD is een longziekte	2.5604619324157116e-17
U wordt snel benauwd 	U snel benauwd wordt 	U wordt snel benauwd	1.484052504741682e-14
Denk maar eens aan gras 	maar Denk eens aan gras 	Denk maar eens aan gras	5.398817612062151e-20
Rijke burgers wilden politieke inspraak 	Rijke wilden burgers politieke inspraak 	Rijke wilden burgers politieke inspraak	6.978340626766263e-29
Denemarken is een monarchie 	Denemarken een monarchie is 	Denemarken is een monarchie	2.3373841501201484e-14
Denemarken is een democratie 	Denemarken een democratie is 	Denemarken is een democratie	1.1374135205415713e-14
Zo werkt het niet helaas 	Zo het niet werkt helaas 	Zo werkt het niet helaas	3.499284376573158e-18
Hoe werkt het 	Hoe het werkt 	Hoe werkt het	2.687483846915918e-10
Overleg is nu noodzakelijk 	is Overleg nu noodzakelijk 	Overleg is nu noodzakelijk	8.294047949290517e-17
Wat is determineren 	determineren is Wat 	Wat is determineren	5.4626110263094885e-09
Klassen zijn onderverdeeld in orden 	Klassen onderverdeeld in orden zijn 	Klassen onderverdeeld in zijn orden	7.037941384160726e-18
Hoe kun je determineren 	determineren kun Hoe je 	Hoe kun je determineren	3.5934046730758174e-12
Je kijkt 3 uur tv 	Je 3 uur kijkt tv 	Je kijkt 3 uur tv	7.78631725179692e-21
Rennen maar 	maar Rennen 	maar Rennen	1.7665254150060618e-10
Dat zijn onze kernwaarden 	zijn Dat onze kernwaarden 	Dat zijn onze kernwaarden	1.4406950664207937e-15
Gaat decentraal internet verdwijnen 	verdwijnen decentraal Gaat internet 	decentraal internet Gaat verdwijnen	6.680451124496416e-21
En dáár is iets mee 	En is dáár iets mee 	En dáár is iets mee	2.6832640208231763e-17
De oppervlakte bedraagt 14 km2 	De oppervlakte 14 bedraagt km2 	De oppervlakte bedraagt 14 km2	3.821433671944806e-18
Bart the floor is yours 	Bart the is floor yours 	Bart the is floor yours	4.515931041047895e-21
Wachten om onderwezen te worden 	om onderwezen worden te Wachten 	worden om onderwezen te Wachten	1.016924897797746e-17
De dodo kon niet vliegen 	vliegen kon De dodo niet 	De dodo kon niet vliegen	1.2115757732654722e-17
Die aten veel dodoeieren 	aten Die veel dodoeieren 	Die aten veel dodoeieren	5.635089182362251e-16
En wordt er gereorganiseerd 	wordt En gereorganiseerd er 	En er wordt gereorganiseerd	4.471244515611587e-16
Filosoferen brengt ons in verwarring 	Filosoferen ons in verwarring brengt 	Filosoferen brengt ons in verwarring	1.0186750352479499e-22
Laten we mens zijn 	we Laten mens zijn 	Laten we mens zijn	2.8331192989584104e-15
En dat is een record 	En dat een is record 	En dat is een record	4.004947454087424e-13
Duitsland heeft een lange geschiedenis 	Duitsland een heeft lange geschiedenis 	Duitsland heeft een lange geschiedenis	3.224688764367301e-14
Later kwam de huidige mens 	Later de huidige mens kwam 	Later kwam de huidige mens	3.88670636977308e-18
Hiervoor biedt DMARC de oplossing 	Hiervoor DMARC de biedt oplossing 	Hiervoor biedt DMARC de oplossing	1.821574960465503e-22
Hieronder zijn deze toegelicht 	toegelicht zijn Hieronder deze 	Hieronder zijn deze toegelicht	4.875008976345662e-19
Daarnaast werktie eleganter 	Daarnaast eleganter werktie 	Daarnaast eleganter werktie	9.691330156400506e-13
De man is erg geschrokken 	is geschrokken De man erg 	De man is erg geschrokken	2.869190666043578e-16
Een paar jongens lachen 	Een lachen paar jongens 	Een paar jongens lachen	9.876369698350354e-18
Dan ineens is het weg 	Dan is ineens het weg 	Dan is ineens het weg	1.64582418863099e-17
Het vult mijn oren 	vult Het mijn oren 	Het vult mijn oren	3.9546210396853317e-17
Ik word liever Addie genoemd 	genoemd word Ik liever Addie 	Ik word liever Addie genoemd	1.569846124711942e-20
Je bent toch geen kleuter 	bent Je toch geen kleuter 	Je bent toch geen kleuter	2.3502519865489575e-18
Ja ik denk het wel 	Ja denk ik het wel 	Ja ik denk het wel	5.4637420888725576e-14
Informatie was macht 	was Informatie macht 	Informatie was macht	4.507234391255123e-16
Klikken was ingebakken 	ingebakken was Klikken 	ingebakken was Klikken	2.7535516618244593e-16
Hij zou voorzichtig zijn 	zijn Hij zou voorzichtig 	Hij zou voorzichtig zijn	6.5501983990523596e-12
Hij zou nauwgezet zijn 	Hij zijn zou nauwgezet 	Hij zou nauwgezet zijn	1.3938868869778233e-14
Keuken Kampioen Divisie gespeeld 	Keuken gespeeld Kampioen Divisie 	Keuken gespeeld Kampioen Divisie	2.6291317313408116e-24
Er deden 20 teams mee 	Er 20 teams mee deden 	Er deden 20 teams mee	3.5657294526649023e-19
Let wel op de houdbaarheidsdatum 	wel op Let de houdbaarheidsdatum 	wel Let op de houdbaarheidsdatum	2.3064760787218794e-18
Enzymen zijn kwetsbaar 	Enzymen kwetsbaar zijn 	Enzymen zijn kwetsbaar	5.5155082574552e-16
Voorkennis activeren 	activeren Voorkennis 	activeren Voorkennis	2.1186340385695338e-14
Gebruik feedback bijvoorbeeld gesproken feedback 	Gebruik feedback bijvoorbeeld feedback gesproken 	Gebruik gesproken feedback bijvoorbeeld feedback	9.932100317197125e-29
Afgelopen zaterdag begon het schaaktoernooi 	zaterdag begon Afgelopen het schaaktoernooi 	Afgelopen zaterdag begon het schaaktoernooi	2.8055832178027896e-19
Wat vind jij van schaken 	vind Wat schaken jij van 	Wat vind jij van schaken	1.996921571224057e-17
Dat zijn de combicentrales 	Dat de zijn combicentrales 	Dat de zijn combicentrales	5.340594363802095e-15
Die staat in Borssele 	staat Die in Borssele 	Die staat in Borssele	8.794137135806167e-15
Er komt een landelijke kortebroekendag 	Er een komt landelijke kortebroekendag 	Er komt een landelijke kortebroekendag	2.1473729772125508e-16
Genen zitten op DNAdraden 	zitten Genen op DNAdraden 	Genen op DNAdraden zitten	2.4435381008539906e-17
Alles wat leeft heeft DNA 	heeft Alles wat DNA leeft 	Alles heeft wat leeft DNA	1.6570501156258782e-20
Iedereen heeft een uniek DNA 	Iedereen een uniek heeft DNA 	Iedereen heeft een uniek DNA	1.5932604605597274e-19
Wat zijn erfelijke eigenschappen 	Wat erfelijke zijn eigenschappen 	Wat erfelijke zijn eigenschappen	1.9660247454394852e-20
Je kunt ook karaktereigenschappen erven 	Je ook karaktereigenschappen erven kunt 	Je kunt ook karaktereigenschappen erven	3.4800627411663045e-17
Dat komt door erfelijkheid 	Dat door erfelijkheid komt 	Dat komt door erfelijkheid	4.070645701666388e-17
Die stukjes heten genen 	Die heten stukjes genen 	Die stukjes heten genen	5.8670921810576456e-21
Samen vormen ze de DNAcode 	vormen Samen ze de DNAcode 	Samen vormen ze de DNAcode	5.568879573757063e-19
Het erfpachtrecht eindigt dan niet 	Het eindigt erfpachtrecht dan niet 	Het erfpachtrecht eindigt dan niet	6.571234661681465e-17
Hij verwacht daar aanzienlijke verstoringen 	Hij daar aanzienlijke verstoringen verwacht 	Hij verwacht daar aanzienlijke verstoringen	8.718768556672286e-21
Deze soorten zijn uitgestorven 	zijn Deze uitgestorven soorten 	Deze soorten zijn uitgestorven	1.3367964173587422e-16
Er is variatie 	Er variatie is 	Er is variatie	1.801038896043597e-13
Ieder mens is verschillend 	Ieder is mens verschillend 	Ieder mens is verschillend	5.3578340923946195e-17
Meer mensen krijgen corona 	Meer mensen corona krijgen 	Meer mensen krijgen corona	2.5814394606866183e-18
Misschien heb je corona gehad 	gehad Misschien je heb corona 	Misschien heb je corona gehad	4.072878602442282e-19
Een introductie is niet nodig 	Een introductie niet nodig is 	Een introductie is niet nodig	1.3427078798267205e-15
Hij is beroemder dan beroemd 	Hij beroemder dan beroemd is 	Hij is beroemder dan beroemd	1.0214836516075994e-15
En hij is híér 	is En hij híér 	En is hij híér	1.5045145831222344e-14
Eve kijkt afwachtend toe 	afwachtend Eve kijkt toe 	Eve kijkt afwachtend toe	1.6334188954405968e-18
Ze voelt even teleurstelling 	Ze even teleurstelling voelt 	Ze voelt even teleurstelling	7.201145575955398e-18
Zulke teksten heten zakelijke teksten 	Zulke teksten zakelijke heten teksten 	Zulke teksten zakelijke heten teksten	1.8585688952788144e-28
Zo herken je fictie 	Zo je herken fictie 	Zo herken je fictie	1.0041691805817471e-19
Beoordelen doe je met beoordelingswoorden 	je Beoordelen doe met beoordelingswoorden 	je doe Beoordelen met beoordelingswoorden	2.0090708370696951e-16
Dit hoeft niet altijd 	Dit niet altijd hoeft 	Dit hoeft niet altijd	1.210284875577714e-13
Wat ís dit 	Wat dit ís 	Wat ís dit	8.71791229153858e-12
Ze werd niet teleurgesteld 	teleurgesteld Ze niet werd 	Ze werd niet teleurgesteld	2.2733046370202337e-13
Ailes was de ultieme klootzak 	Ailes de ultieme was klootzak 	Ailes was de ultieme klootzak	1.3554733671876487e-20
Zo onthouden mensen het 	Zo mensen het onthouden 	Zo mensen het onthouden	2.3355655485071056e-18
Dat móet wel scheef zitten 	móet zitten Dat wel scheef 	móet zitten Dat wel scheef	7.226162256178493e-20
Hoe vertellen mensen hun levensverhaal 	vertellen Hoe mensen hun levensverhaal 	Hoe vertellen mensen hun levensverhaal	2.909381254801732e-19
Lara kijkt woedend toe 	kijkt Lara woedend toe 	kijkt Lara woedend toe	9.615100159771461e-20
Ze wordt door niemand beschermd 	Ze door beschermd niemand wordt 	Ze wordt beschermd door niemand	4.761082682756677e-17
Marlina is al jong weduwe 	Marlina al jong weduwe is 	Marlina is al jong weduwe	5.182659398173761e-22
Marlina maakt soto ayam 	Marlina soto ayam maakt 	Marlina soto maakt ayam	2.4923759726047552e-20
Gelukkig heeft ze gifbessen 	heeft gifbessen Gelukkig ze 	Gelukkig heeft ze gifbessen	1.801978668914727e-14
Alles went helaas 	Alles helaas went 	Alles went helaas	1.884014967530064e-16
Maar wees gerust 	wees Maar gerust 	Maar wees gerust	2.4109550636798402e-15
Dat kennen we ergens van 	Dat we kennen ergens van 	Dat kennen we ergens van	3.956913884961461e-18
Dat is eigenlijk niet zo 	Dat eigenlijk is niet zo 	Dat is eigenlijk niet zo	6.267447311019277e-13
De details dringen beter door 	De dringen details beter door 	De details dringen beter door	5.2893435989445466e-20
Javier Bardem ontbreken 	ontbreken Javier Bardem 	ontbreken Javier Bardem	3.510501561569234e-17
The Beatles zijn overschat 	overschat The zijn Beatles 	The Beatles zijn overschat	8.201313036335398e-19
Iedereen betaalt daaraan mee 	Iedereen daaraan betaalt mee 	Iedereen betaalt daaraan mee	7.89842732310897e-16
Gemeenten zijn daar verantwoordelijk voor 	Gemeenten daar verantwoordelijk voor zijn 	Gemeenten daar verantwoordelijk voor zijn	5.593991783787705e-19
Dat is niet zomaar logisch 	Dat niet zomaar is logisch 	Dat is niet zomaar logisch	1.6546988196617562e-15
Zij leven niet steeds langer 	Zij niet steeds leven langer 	Zij leven niet steeds langer	1.0530325468433895e-16
Zelfstandigheid vereist immers zelfredzaamheid 	vereist Zelfstandigheid immers zelfredzaamheid 	Zelfstandigheid vereist immers zelfredzaamheid	5.649746462985909e-24
Dat duurde wel tienduizenden jaren 	Dat wel tienduizenden jaren duurde 	Dat duurde wel tienduizenden jaren	3.033922043326271e-19
Glucose is een soort suiker 	Glucose een soort suiker is 	Glucose is een soort suiker	1.767093162836785e-20
Ze bevatten ook bladgroenkorrels 	Ze ook bevatten bladgroenkorrels 	Ze bevatten ook bladgroenkorrels	4.558252362194462e-16
Die is van de directeur 	Die van de directeur is 	Die is van de directeur	1.8023477216772605e-13
Een gloeilamp wordt behoorlijk heet 	Een wordt heet gloeilamp behoorlijk 	Een gloeilamp wordt behoorlijk heet	3.018718596929988e-20
Maar dat klopt niet 	klopt Maar dat niet 	Maar dat klopt niet	2.6736939662451335e-11
Werkwijze Snij de aardappel doormidden 	Werkwijze Snij doormidden de aardappel 	Werkwijze Snij de aardappel doormidden	6.71149037232962e-24
Oerbossen zijn dus stukken wildernis 	Oerbossen dus stukken zijn wildernis 	Oerbossen dus stukken zijn wildernis	3.696644176885844e-23
En bomen zoals de draaiden 	En draaiden bomen zoals de 	En bomen zoals de draaiden	7.434589345917511e-21
Zo wordt het ecosysteem aangetast 	Zo aangetast het wordt ecosysteem 	Zo wordt het ecosysteem aangetast	3.7028402105781133e-19
Veel burgers zijn ook boseigenaar 	zijn Veel burgers ook boseigenaar 	Veel burgers zijn ook boseigenaar	1.0117032463280347e-16
Er is geen brand 	Er geen brand is 	Er is geen brand	2.5882876207036405e-13
Het zijn maar schoorstenen 	Het maar schoorstenen zijn 	Het zijn maar schoorstenen	2.894132497459233e-15
Rokende versteende suikerbroden 	Rokende suikerbroden versteende 	versteende Rokende suikerbroden	1.0169378292622076e-13
Toch vervliegt de rook 	Toch de vervliegt rook 	Toch vervliegt de rook	2.878495195207937e-16
Er zijn spatschermen 	zijn Er spatschermen 	Er zijn spatschermen	1.3651170861669464e-10
Wat hebben we daarvan geleerd 	hebben Wat we geleerd daarvan 	Wat hebben we daarvan geleerd	5.77205386822791e-17
Vervolgens kwam er meer ruimte 	Vervolgens er meer kwam ruimte 	Vervolgens kwam er meer ruimte	2.3246851665403254e-18
Alles ging op 	ging Alles op 	Alles ging op	1.9909799080251783e-12
Daarom moeten ze worden ingespoten 	Daarom worden ingespoten ze moeten 	Daarom moeten ze worden ingespoten	3.3161501623714884e-18
De botten zijn van been 	De botten van been zijn 	De botten van zijn been	3.299345139461824e-15
Kraakbeen is soepeler 	Kraakbeen soepeler is 	is Kraakbeen soepeler	2.4613081825410425e-16
In je oorschelp zit kraakbeen 	In je zit oorschelp kraakbeen 	In je oorschelp zit kraakbeen	7.16453435502257e-21
Je oorschelp kun je dubbelvouwen 	dubbelvouwen Je oorschelp je kun 	Je kun je oorschelp dubbelvouwen	1.5012166000177243e-16
Wist je dat 	je Wist dat 	je Wist dat	1.1140995018614736e-11
Dat deed ze zelden 	deed Dat ze zelden 	Dat deed ze zelden	7.02728082770803e-15
Er klonk niet eens muziek 	klonk Er niet eens muziek 	Er klonk niet eens muziek	1.2449704319041025e-19
Dan gelden de volgende regels 	volgende Dan de gelden regels 	Dan de volgende gelden regels	8.657624765810635e-21
Ze voelen zich eindelijk gehoord 	Ze gehoord zich voelen eindelijk 	Ze voelen zich eindelijk gehoord	1.3164512909699668e-18
In fruit zitten weinig calorieën 	In zitten fruit weinig calorieën 	In fruit zitten weinig calorieën	8.399673405784356e-22
Het was een prachtige middag 	was Het een prachtige middag 	Het was een prachtige middag	3.916198570653294e-14
Dus gingen we op trollenjacht 	Dus we op trollenjacht gingen 	Dus we gingen op trollenjacht	4.908079338906136e-18
Tegenwoordig doen mee 	Tegenwoordig mee doen 	Tegenwoordig mee doen	2.2395781510093374e-12
Je kunt niet afspreken 	Je niet afspreken kunt 	Je kunt niet afspreken	2.5629166281010028e-14
Maar wat is het eigenlijk 	Maar is wat het eigenlijk 	Maar wat is het eigenlijk	2.4668021097158045e-12
Elk mens is anders 	Elk mens anders is 	Elk mens is anders	3.7364433643192543e-16
Bent u dat daar beneden 	u dat daar Bent beneden 	Bent u dat daar beneden	3.922629949632681e-17
Er valt een stilte 	Er een valt stilte 	Er valt een stilte	3.948399004017881e-15
Isoleert u een woning 	u Isoleert een woning 	u Isoleert een woning	4.0503062311515426e-16
Belangrijker zijn de droombollen 	Belangrijker de droombollen zijn 	Belangrijker zijn de droombollen	1.0899699427094673e-14
Goed zoeken dus 	zoeken Goed dus 	Goed zoeken dus	5.982517227472445e-16
Met tegenvallende resultaten als gevolg 	Met resultaten tegenvallende als gevolg 	Met tegenvallende resultaten als gevolg	7.193602338349498e-21
Dat nummer leveren wij dus 	Dat nummer wij leveren dus 	Dat nummer leveren wij dus	3.304363544233087e-19
Wat houdt het precies in 	houdt Wat het precies in 	Wat houdt het precies in	4.1000776240598143e-16
De Engelstalige uitdrukking is Hearables 	is De Engelstalige uitdrukking Hearables 	De Engelstalige uitdrukking is Hearables	8.282266845910217e-20
Frederik hoort er niets van 	hoort Frederik er niets van 	Frederik hoort er niets van	1.8582880015165238e-17
Het is een schrijfoefening 	Het een schrijfoefening is 	Het is een schrijfoefening	1.5158857111842072e-09
Wat er staat 	Wat staat er 	Wat staat er	5.216671715254979e-10
Juniper was anders dan wij 	Juniper anders dan wij was 	Juniper was anders dan wij	5.761824456390465e-17
De kassa rinkelde niet vaak 	De kassa niet vaak rinkelde 	De kassa rinkelde niet vaak	3.170280939962683e-17
Het was een zonnige zaterdag 	was Het een zonnige zaterdag 	Het was een zonnige zaterdag	5.559057532455626e-17
Elsie had een schoenveter verkocht 	Elsie had verkocht een schoenveter 	Elsie had een schoenveter verkocht	1.625991189404448e-19
A is voor Alfabetopdracht 	A voor is Alfabetopdracht 	A is voor Alfabetopdracht	2.2449027638160155e-16
Ik ben er opgewonden van 	Ik er opgewonden ben van 	Ik ben er opgewonden van	5.33288498386063e-15
Dit klopt niet opnieuw 	Dit niet klopt opnieuw 	Dit klopt niet opnieuw	1.7766624987463115e-14
En niet over te geven 	En niet geven over te 	En niet over te geven	4.636026113859706e-14
Dat was uit den boze 	Dat uit den boze was 	Dat was uit den boze	4.549639086967999e-21
Ze stelde zich gewoon aan 	Ze zich gewoon stelde aan 	Ze stelde zich gewoon aan	4.112312599711696e-15
Is deze eveneens redundant uitgevoerd 	uitgevoerd Is deze eveneens redundant 	deze Is eveneens redundant uitgevoerd	3.2810424258284176e-21
Welke rollen vervullen lerarenopleiders 	Welke vervullen rollen lerarenopleiders 	Welke rollen vervullen lerarenopleiders	1.3095519490308352e-19
Hoe ontwikkelen zij zich 	ontwikkelen Hoe zij zich 	Hoe ontwikkelen zij zich	8.066853026092717e-15
Zo groeide hij op 	Zo hij op groeide 	Zo groeide hij op	8.511921275449477e-15
Zijn werk is miljoenen waard 	Zijn werk miljoenen waard is 	Zijn werk is miljoenen waard	8.49589606113618e-19
Wat is zijn geheim 	Wat zijn is geheim 	Wat is zijn geheim	6.520403555365205e-13
Dat lijkt hem wel wat 	Dat hem wel wat lijkt 	Dat lijkt hem wel wat	1.0083014690549342e-15
Rembrandt maakt veel portretten 	Rembrandt veel maakt portretten 	Rembrandt maakt veel portretten	7.817646426845175e-19
Hij onderzoekt veel 	Hij veel onderzoekt 	Hij onderzoekt veel	6.85451177145052e-13
Rembrandt kan het prachtig vastleggen 	kan Rembrandt het vastleggen prachtig 	Rembrandt kan het prachtig vastleggen	1.0923335231754997e-20
Kilian begreep er niets van 	Kilian er niets van begreep 	Kilian begreep er niets van	2.859855974339128e-17
De steden raakten echter ontvolkt 	raakten De steden echter ontvolkt 	De steden raakten echter ontvolkt	4.047508334242569e-18
De zee wordt dus hoger 	De wordt zee dus hoger 	De zee wordt dus hoger	2.1871269357410297e-16
Heb je een NSabonnement 	je een NSabonnement Heb 	je Heb een NSabonnement	6.97641903577499e-16
Wat gaat er veranderen 	veranderen gaat Wat er 	Wat er gaat veranderen	1.9583920817400326e-14
We studeerden allebei 	studeerden We allebei 	We allebei studeerden	2.915289344122362e-14
Zelfs pinautomaten bestonden nog niet 	bestonden Zelfs pinautomaten nog niet 	Zelfs pinautomaten nog niet bestonden	2.9263292365608906e-19
Dat is nu tien Euro 	Dat nu tien is Euro 	Dat is nu tien Euro	2.0330592928792722e-17
Maar papa roept hem terug 	roept Maar papa hem terug 	Maar papa roept hem terug	1.3217245018097442e-19
Dat weet hij niet 	Dat hij weet niet 	Dat weet hij niet	3.076932582270676e-11
Moet hij eerst kloppen 	hij Moet kloppen eerst 	Moet hij eerst kloppen	3.626164093146818e-17
Hij gluurt naar binnen 	Hij naar gluurt binnen 	Hij gluurt naar binnen	6.1861603413557875e-12
Hij ziet de nieuwe juf 	ziet Hij de nieuwe juf 	Hij ziet de nieuwe juf	1.7851501573619108e-16
Zo zegt ze 	Zo zegt ze 	Zo zegt ze	2.6655762912297657e-11
En wie ben jij 	En ben wie jij 	En wie ben jij	1.7846046479685003e-12
Er zijn drie soorten zenuwcellen 	Er drie soorten zenuwcellen zijn 	Er zijn drie soorten zenuwcellen	4.703739084391217e-20
Zenuwcellen zijn zeer bijzondere cellen 	Zenuwcellen zeer bijzondere cellen zijn 	Zenuwcellen zijn zeer bijzondere cellen	1.15264236817442e-22
Zenuwcellen kunnen heel lang zijn 	Zenuwcellen heel zijn lang kunnen 	Zenuwcellen kunnen heel lang zijn	4.349830870010226e-17
Er zijn drie soorten zenuwen 	zijn Er drie soorten zenuwen 	Er zijn drie soorten zenuwen	4.703731254607165e-20
Niemand voortrekken 	voortrekken Niemand 	Niemand voortrekken	3.5903558026014834e-10
Wacht even 	even Wacht 	Wacht even	2.1653356813750576e-12
Vonden we dat toen normaal 	we dat toen normaal Vonden 	we Vonden dat toen normaal	1.233188215269102e-15
Een taart bakken 	bakken Een taart 	Een taart bakken	1.4430696877402864e-14
De heks zuchtte 	De zuchtte heks 	De zuchtte heks	3.329185228696678e-13
Ze verveelde zich 	verveelde Ze zich 	Ze verveelde zich	5.849502803071491e-13
Maar wat was dat 	Maar wat dat was 	Maar wat was dat	8.74408740647259e-10
Dat is waar ook 	Dat waar ook is 	Dat waar ook is	5.822121003551414e-13
Dat had ik goed opgeborgen 	Dat ik had opgeborgen goed 	Dat ik goed opgeborgen had	5.03952076232464e-16
Dit noemen we dynamisch verkeersmanagement 	noemen Dit we dynamisch verkeersmanagement 	Dit noemen we dynamisch verkeersmanagement	1.570381638213991e-19
Dat is niet eenvoudig 	is Dat niet eenvoudig 	Dat is niet eenvoudig	6.614328475653722e-11
Doet u dit niet 	u dit Doet niet 	Doet u dit niet	1.937166795412932e-14
En is het bestemmingsplan vastgesteld 	En het is bestemmingsplan vastgesteld 	En het bestemmingsplan is vastgesteld	5.580376797745682e-16
Heeft u een medische aandoening 	u Heeft een medische aandoening 	u Heeft een medische aandoening	2.22133251933052e-18
Dit heet respijtzorg 	Dit respijtzorg heet 	Dit heet respijtzorg	4.846618467806857e-14
Er zijn verschillende soorten respijtzorg 	Er verschillende zijn soorten respijtzorg 	Er verschillende zijn soorten respijtzorg	2.0854930262500334e-23
Dan ben je meerderjarig 	ben Dan je meerderjarig 	Dan ben je meerderjarig	4.660200583614519e-16
Deze regels staan in CETA 	Deze regels in CETA staan 	Deze regels in staan CETA	9.544984584430645e-23
Dit heet een domicilieadres 	Dit een domicilieadres heet 	Dit heet een domicilieadres	1.8073626581311006e-12
Dat noemen we verrekenen 	Dat we verrekenen noemen 	Dat noemen we verrekenen	2.630362119791212e-13
Verrekenen kan ook bij ondernemingen 	kan ook bij Verrekenen ondernemingen 	ook kan bij Verrekenen ondernemingen	2.6910150081306335e-18
Hiervoor is geen advocaat nodig 	Hiervoor geen advocaat nodig is 	Hiervoor is geen advocaat nodig	1.479803914716153e-18
Dat noemen we het WWmaandloon 	Dat we het WWmaandloon noemen 	Dat noemen we het WWmaandloon	7.282582686770103e-16
Dan stopt de WWuitkering 	Dan de stopt WWuitkering 	Dan stopt de WWuitkering	4.361288404331275e-16
Dat is de vrije ruimte 	Dat de vrije is ruimte 	Dat is de vrije ruimte	1.0565972126569153e-13
Omtrent het Gedrag VOG hebben 	Omtrent het Gedrag hebben VOG 	Omtrent het Gedrag hebben VOG	8.562648740570464e-23
Doet u dit niet 	u dit Doet niet 	Doet u dit niet	1.937166795412932e-14
En mag u starten 	mag En u starten 	En mag u starten	1.6187282143823056e-15
Veranderen uw gegevens 	uw gegevens Veranderen 	Veranderen uw gegevens	1.8113657120430594e-14
U moet een klachtenregeling hebben 	U hebben een moet klachtenregeling 	U moet een klachtenregeling hebben	3.031367758484757e-16
Er is geen beroep mogelijk 	is Er geen beroep mogelijk 	Er is geen beroep mogelijk	2.60898641545564e-16
Hoe kan ik gastouder worden 	Hoe ik kan worden gastouder 	Hoe kan ik gastouder worden	1.6812713773003265e-14
Bijvoorbeeld een achtergelaten koffer 	Bijvoorbeeld een koffer achtergelaten 	Bijvoorbeeld een koffer achtergelaten	1.8453083121165451e-19
Of de politie te bellen 	Of de bellen politie te 	Of de politie te bellen	1.2311959447787927e-15
Waterbesparende maatregelen helpen 	helpen Waterbesparende maatregelen 	Waterbesparende maatregelen helpen	2.4826783452329276e-15
Eer gerelateerd Geweld 	gerelateerd Eer Geweld 	Eer gerelateerd Geweld	1.0480173894195913e-20
Het nummer is 08002000 	Het is nummer 08002000 	Het is nummer 08002000	1.5617589143418422e-10
Hoe kan ik identiteitsfraude voorkomen 	Hoe ik kan voorkomen identiteitsfraude 	Hoe kan ik identiteitsfraude voorkomen	1.2868495546796735e-16
NAVOlidstaten betalen nieuwe projecten gezamenlijk 	NAVOlidstaten nieuwe projecten betalen gezamenlijk 	NAVOlidstaten betalen nieuwe projecten gezamenlijk	4.42822550225197e-22
De aanmeldprocedure verschilt per experiment 	De verschilt aanmeldprocedure per experiment 	De aanmeldprocedure verschilt per experiment	2.137717035704513e-21
Dit gebeurt in het toestemmingsbesluit 	gebeurt Dit in het toestemmingsbesluit 	Dit gebeurt in het toestemmingsbesluit	9.356084603480166e-15
Dit is een bijstandsuitkering 	Dit een is bijstandsuitkering 	Dit is een bijstandsuitkering	1.7374680333934352e-13
Of dubbel glas nemen 	Of dubbel nemen glas 	Of dubbel glas nemen	8.796590753237284e-20
Dat zijn de grotere investeringen 	Dat de zijn grotere investeringen 	Dat de zijn grotere investeringen	9.0475186032849e-21
Heeft u gezondheidsklachten 	u Heeft gezondheidsklachten 	Heeft u gezondheidsklachten	2.5418945052460368e-14
Hoe u dat doet 	Hoe u doet dat 	Hoe u dat doet	9.246612164514945e-12
Belastingteruggaaf berekenen 	berekenen Belastingteruggaaf 	berekenen Belastingteruggaaf	8.411261729573346e-14
Krijgt u geen bericht 	u geen bericht Krijgt 	u Krijgt geen bericht	1.0625633436569603e-16
Kijk op de website mijnpensioenoverzichtnl 	op de website mijnpensioenoverzichtnl Kijk 	op de website Kijk mijnpensioenoverzichtnl	3.306796095717828e-20
Octrooi en patent zijn synoniemen 	Octrooi en patent synoniemen zijn 	Octrooi zijn en patent synoniemen	1.2869861925025945e-20
Hoe kan ik ouderschapsverlof aanvragen 	Hoe ik kan ouderschapsverlof aanvragen 	Hoe kan ik ouderschapsverlof aanvragen	4.540227496763472e-18
Dit kan mondeling of schriftelijk 	kan Dit mondeling of schriftelijk 	Dit kan mondeling of schriftelijk	1.3901102201746856e-19
Op het scherm verschijnt noodoproep 	Op het verschijnt scherm noodoproep 	Op het scherm verschijnt noodoproep	7.096095157370958e-21
Hoe klinkt 52 decibel 	klinkt Hoe 52 decibel 	Hoe klinkt 52 decibel	1.9327187444796113e-14
Het eticket is persoonlijk 	Het is eticket persoonlijk 	Het is eticket persoonlijk	3.650422525457873e-14
De persoonlijke OVchipkaart is persoonsgebonden 	De persoonlijke is OVchipkaart persoonsgebonden 	De persoonlijke OVchipkaart is persoonsgebonden	4.113166208630471e-20
Algoritmes blijken regelmatig te discrimineren 	Algoritmes discrimineren blijken regelmatig te 	Algoritmes blijken regelmatig te discrimineren	3.532295119200666e-24
Is dat lang 	dat Is lang 	dat Is lang	5.24680638881636e-12
Ja dat is ongelofelijk lang 	Ja is dat ongelofelijk lang 	Ja dat is ongelofelijk lang	7.617582048530651e-17
Bent u woningeigenaar 	u Bent woningeigenaar 	Bent u woningeigenaar	1.496226611423851e-12
Dat vermindert de CO2uitstoot 	Dat de vermindert CO2uitstoot 	Dat vermindert de CO2uitstoot	1.2213471146025835e-17
Dat werden de leermanagementsystemen 	werden Dat de leermanagementsystemen 	Dat werden de leermanagementsystemen	4.4523879449809813e-11
Ga er maar aan staan 	er Ga maar aan staan 	Ga er maar aan staan	5.871483136762021e-17
Hoeveel schuld maximaal aflossen 	Hoeveel schuld aflossen maximaal 	Hoeveel schuld aflossen maximaal	4.281373256118483e-20
Hoe verander ik van huisarts 	Hoe ik van verander huisarts 	Hoe ik van verander huisarts	5.821627568376467e-22
Daarvoor heeft u DigiD nodig 	heeft Daarvoor u DigiD nodig 	Daarvoor heeft u DigiD nodig	2.4732127435553967e-21
Dit moet u persoonlijk doen 	moet Dit u persoonlijk doen 	Dit moet u persoonlijk doen	4.8210079960638e-16
Een keurmerk geeft vertrouwen 	Een keurmerk vertrouwen geeft 	Een keurmerk geeft vertrouwen	2.5776469889824957e-19
Iedereen kan keurmerken afgeven 	kan afgeven Iedereen keurmerken 	Iedereen kan keurmerken afgeven	2.61129255180403e-16
Deze instellingen kunnen geaccrediteerd zijn 	zijn kunnen geaccrediteerd Deze instellingen 	Deze instellingen kunnen zijn geaccrediteerd	1.9342268113724258e-17
Wat kunt u doen 	Wat doen u kunt 	Wat kunt u doen	1.2818041074760069e-12
Hoe werkt het college 	werkt Hoe het college 	Hoe werkt het college	4.122490542176099e-14
De gemeentesecretaris ondersteunt het college 	De gemeentesecretaris het college ondersteunt 	De gemeentesecretaris ondersteunt het college	7.982556223563386e-21
Het college vergadert elke dinsdag 	Het college elke dinsdag vergadert 	Het college vergadert elke dinsdag	2.413069290055701e-22
Die bijeenkomsten zijn niet openbaar 	Die zijn bijeenkomsten niet openbaar 	Die zijn bijeenkomsten niet openbaar	4.5208871780702204e-20
Ik kijk naar Tim 	Ik naar kijk Tim 	Ik kijk naar Tim	4.108040960466701e-16
Dat kan wel irritant worden 	Dat wel irritant kan worden 	Dat kan wel irritant worden	3.9481874289645467e-16
Vandaag is de school gesloten 	Vandaag de is gesloten school 	Vandaag is de school gesloten	5.247735627322954e-16
Wat gaan we maken 	Wat gaan maken we 	Wat gaan we maken	1.1693340014626689e-12
Hoe gaan we dat aanpakken 	Hoe gaan aanpakken we dat 	Hoe gaan we dat aanpakken	1.4596125567612943e-16
Ja dat staat erop 	Ja staat dat erop 	Ja dat staat erop	1.5460682024737637e-15
Of is dat een gedachte 	is Of dat een gedachte 	Of dat is een gedachte	1.1936291444845978e-14
Dat bestaat dus echt 	bestaat Dat dus echt 	Dat bestaat dus echt	1.6718134878991865e-13
Dát is een gedachte 	is Dát een gedachte 	Dát is een gedachte	6.583693922090064e-15
Dat viel me al op 	Dat me viel al op 	Dat viel me al op	2.7182960530644958e-15
Hoe kan ik hulp krijgen 	kan Hoe ik krijgen hulp 	Hoe kan ik hulp krijgen	1.1094650874733351e-16
Neem bijvoorbeeld ziekteverzuim 	bijvoorbeeld ziekteverzuim Neem 	bijvoorbeeld Neem ziekteverzuim	1.0578976399507381e-17
De verzuimdrempel zal hoog zijn 	De zijn verzuimdrempel zal hoog 	zal De zijn verzuimdrempel hoog	1.6450089876598203e-18
Bacteriesporen heten endosporen 	heten Bacteriesporen endosporen 	Bacteriesporen heten endosporen	6.718126924572742e-13
Je spreekt van een voedselvergiftiging 	Je van een voedselvergiftiging spreekt 	Je spreekt van een voedselvergiftiging	4.090076390517872e-18
Voedsel goed doorbakken of koken 	Voedsel goed of doorbakken koken 	Voedsel goed koken of doorbakken	5.994576529014914e-22
Maar dat is verleden tijd 	Maar dat verleden is tijd 	Maar dat is verleden tijd	4.287506112655892e-16
Ik had geen zelfvertrouwen 	Ik geen had zelfvertrouwen 	Ik had geen zelfvertrouwen	3.798607649104889e-14
Hoe begon het pesten 	Hoe pesten begon het 	Hoe begon het pesten	6.112953421907744e-15
Ik krijg dit thuis nooit 	krijg Ik dit thuis nooit 	Ik krijg dit thuis nooit	1.057547175281626e-17
Waar piekerde u dan over 	piekerde Waar u dan over 	Waar piekerde u dan over	6.189056852013933e-15
En u bent zo vrolijk 	En u zo vrolijk bent 	En u bent zo vrolijk	7.61721357593297e-17
Wat is een datalek 	Wat een datalek is 	Wat is een datalek	8.745449074609378e-11
Ontdek meer over JINC 	meer over Ontdek JINC 	meer over Ontdek JINC	1.791221433571664e-20
Op martijnvandalennl staat meer informatie 	staat Op martijnvandalennl meer informatie 	Op martijnvandalennl staat meer informatie	6.994644760677453e-21
We zijn volgevreten en ondervoed 	We en volgevreten zijn ondervoed 	We zijn volgevreten en ondervoed	2.878105033473085e-17
Hebt u nog geen eHerkenning 	u nog geen Hebt eHerkenning 	Hebt u nog geen eHerkenning	6.042418728005943e-16
Evan was ze net misgelopen 	misgelopen was Evan ze net 	misgelopen Evan was ze net	2.3909981300551076e-19
Hij wilde naar Skagafjörður 	Hij naar Skagafjörður wilde 	Hij wilde naar Skagafjörður	2.2370783551044716e-14
Dat noem je protectionisme 	Dat je protectionisme noem 	Dat je protectionisme noem	1.343892187460052e-15
Dat noem je protectionisme 	Dat je noem protectionisme 	Dat je protectionisme noem	1.343892187460052e-15
Het is eigenlijk net gamen 	gamen Het eigenlijk is net 	Het gamen is eigenlijk net	1.6890738399024435e-14
Het wandelen woelt iets los 	Het wandelen iets woelt los 	Het wandelen woelt iets los	9.308665627083206e-20
Het moet je verrassen 	Het verrassen je moet 	Het moet je verrassen	1.3000337859356698e-12
Maar dat is toch veelbetekenend 	veelbetekenend Maar is dat toch 	Maar dat is toch veelbetekenend	1.4819642623111047e-12
De verhalen zijn schrijnend 	De verhalen schrijnend zijn 	De verhalen zijn schrijnend	9.317438004484305e-17
Opname was onvermijdelijk 	was Opname onvermijdelijk 	Opname was onvermijdelijk	3.496458033914009e-16
Ik vond opname verschrikkelijk 	vond Ik opname verschrikkelijk 	opname vond Ik verschrikkelijk	3.715760656652674e-18
Iets wat bijna nooit voorkomt 	voorkomt Iets wat bijna nooit 	Iets voorkomt wat bijna nooit	2.8455613512809996e-20
Daarna zijn ze alweer gevlogen 	zijn Daarna ze alweer gevlogen 	Daarna zijn ze alweer gevlogen	2.9787164685670206e-20
Je hebt geen telescoop nodig 	Je geen telescoop nodig hebt 	Je hebt geen telescoop nodig	1.3718102645602593e-19
Schiet alle kanten op 	alle kanten op Schiet 	alle kanten op Schiet	2.6598976279008736e-18
Er zitten drie blaadjes aan 	Er drie blaadjes zitten aan 	Er zitten drie blaadjes aan	1.7329537172446058e-19
Hij eet ze op 	eet Hij ze op 	Hij eet ze op	2.884632501045214e-13
Ze smaken naar niks 	Ze naar niks smaken 	Ze smaken naar niks	2.036130427491763e-16
Ze hebben volop blad 	hebben Ze volop blad 	Ze hebben volop blad	3.128414525535632e-17
De hekken zijn te hoog 	zijn De hekken te hoog 	De hekken zijn te hoog	2.242122727432696e-15
Kameel kijkt hem na 	Kameel hem kijkt na 	Kameel kijkt hem na	2.9372807319964223e-19
Er liggen drie kamelen tegenaan 	Er liggen kamelen drie tegenaan 	Er drie kamelen tegenaan liggen	2.5524928869695947e-22
Kameel kent ze niet 	kent Kameel ze niet 	Kameel kent ze niet	3.507015954006206e-17
Ze liggen te kauwen 	liggen Ze kauwen te 	Ze liggen te kauwen	1.3472452198396643e-12
Kameel loopt op ze af 	Kameel op loopt ze af 	loopt Kameel op ze af	4.3742268886584194e-20
Ze vertrekken geen spier 	vertrekken Ze geen spier 	Ze vertrekken geen spier	4.78856790987302e-17
Ze kijken langs hem heen 	Ze langs hem heen kijken 	Ze kijken langs hem heen	9.72014310309581e-19
Ze smakken en kwijlen 	kwijlen Ze en smakken 	Ze smakken en kwijlen	1.9366007981592067e-15
Zijn stem klinkt dapper 	Zijn klinkt stem dapper 	Zijn stem klinkt dapper	2.4256216868329754e-19
Er zijn verschillende tijdelijke huurcontracten 	Er verschillende zijn tijdelijke huurcontracten 	Er verschillende zijn tijdelijke huurcontracten	1.224984290208659e-19
Stopt de studie of promotie 	de studie of Stopt promotie 	Stopt de studie of promotie	4.4138986584026095e-20
Kangoeroes kunnen met mensen communiceren 	Kangoeroes communiceren kunnen met mensen 	Kangoeroes kunnen communiceren met mensen	1.408904342840219e-19
Misschien herken je dat wel 	herken Misschien je dat wel 	Misschien herken je dat wel	1.8273704689288496e-17
Wat zijn je bekendste zintuigen 	Wat je bekendste zintuigen zijn 	Wat zijn je bekendste zintuigen	1.143843505558218e-18
En hoe werken ze 	werken En hoe ze 	En hoe werken ze	3.954028504593498e-12
Die werken nauw samen 	Die nauw samen werken 	Die werken nauw samen	2.0524945078977434e-14
De hoofdstad is Nairobi 	De hoofdstad Nairobi is 	De hoofdstad Nairobi is	8.055951460214281e-16
Kenia ligt op de evenaar 	Kenia op de evenaar ligt 	Kenia ligt op de evenaar	3.1006253485321e-20
Vlies dat veel bloedvaten bevat 	Vlies bevat dat veel bloedvaten 	Vlies dat veel bloedvaten bevat	6.929224501154806e-25
Er gebeurden ongelukken 	gebeurden Er ongelukken 	Er gebeurden ongelukken	7.105050760757834e-17
Hij werkte in de politiek 	werkte Hij in de politiek 	Hij werkte in de politiek	1.068369021479523e-11
Dat noemen we de leerplicht 	Dat we noemen de leerplicht 	Dat noemen we de leerplicht	5.380392386230358e-16
Het laat warmte door 	Het warmte laat door 	Het laat warmte door	1.9856821512047907e-16
Soms gewenst soms ongewenst 	Soms gewenst soms ongewenst 	Soms soms ongewenst gewenst	1.2868371938059085e-22
Er is ingebroken vannacht 	Er vannacht ingebroken is 	Er is vannacht ingebroken	1.589901864587275e-15
Bram is klein 	Bram klein is 	Bram is klein	1.6347133048568354e-13
Bram weet ontzettend veel 	Bram ontzettend weet veel 	Bram weet ontzettend veel	1.2977852733291221e-17
En de gevangenen natuurlijk 	gevangenen En de natuurlijk 	En de gevangenen natuurlijk	1.9323552656989165e-13
Duizenden meeuwen en honderden gevangenen 	gevangenen Duizenden meeuwen en honderden 	Duizenden meeuwen en honderden gevangenen	3.2334767284018437e-24
Ze was toen pas zes 	Ze toen pas was zes 	Ze was toen pas zes	2.998279174374318e-17
Het suddert en het smeult 	Het en suddert het smeult 	Het en het smeult suddert	3.243252375884212e-19
Ik had het koud 	Ik het had koud 	Ik had het koud	5.238179170294176e-13
Hij stierf 	stierf Hij 	Hij stierf	6.875671397812774e-10
Het had hem altijd meegezeten 	had Het meegezeten hem altijd 	Het had hem altijd meegezeten	3.892711705673288e-15
Als we geluk hebben wel 	Als we geluk wel hebben 	Als we geluk hebben wel	5.72882559388754e-17
Maar hoe zit het beroepsvaardigheden 	Maar hoe het beroepsvaardigheden zit 	Maar hoe zit het beroepsvaardigheden	9.533669866410948e-13
Dat kan wel 	kan Dat wel 	Dat kan wel	4.2500392572700846e-10
De jongen weet het niet 	De jongen het niet weet 	De jongen weet het niet	1.5864588381689133e-14
Maar waarom vraagt Rutger hem 	Maar waarom vraagt Rutger hem 	Maar waarom vraagt Rutger hem	1.0400657607002909e-20
Wat zijn gezondheidsvaardigheden 	Wat gezondheidsvaardigheden zijn 	Wat zijn gezondheidsvaardigheden	1.3142606440172774e-09
Waarom delen 	delen Waarom 	delen Waarom	4.4232677701542437e-11
Wat betekent dit voor medewerkers 	Wat dit voor betekent medewerkers 	Wat betekent dit voor medewerkers	3.399531899352079e-16
De regels staan hier onder 	staan De regels hier onder 	De regels staan hier onder	2.2704556855668406e-17
De bank vraagt om zekerheid 	De bank om vraagt zekerheid 	De bank vraagt om zekerheid	2.6591159819958427e-19
Een doorlopend krediet 	Een krediet doorlopend 	Een doorlopend krediet	2.3738080504213927e-15
Hierbij tekende hij ook veel 	Hierbij hij ook veel tekende 	Hierbij tekende hij ook veel	9.11555080885492e-20
Soms ook is er twijfel 	Soms is ook er twijfel 	Soms is ook er twijfel	6.83563228940043e-19
Levercellen zijn buitengewoon actief 	Levercellen buitengewoon actief zijn 	Levercellen zijn buitengewoon actief	3.735592914246673e-18
Het skelet geeft stevigheid 	Het geeft skelet stevigheid 	Het skelet geeft stevigheid	8.402815560242317e-20
Dit is ontspannen rechtop staan 	Dit is staan ontspannen rechtop 	Dit is ontspannen rechtop staan	1.1415767292743571e-20
Niemand kon me werkelijk bereiken 	bereiken Niemand kon me werkelijk 	Niemand kon me werkelijk bereiken	5.888796644642932e-21
Hoe hoog is uw belastingvoordeel 	Hoe hoog uw is belastingvoordeel 	Hoe hoog is uw belastingvoordeel	1.3822250605377025e-17
Dat is dan weer lectuur 	Dat dan weer is lectuur 	Dat is dan weer lectuur	8.23396753658651e-17
Wat kun je vandaag verwachten 	Wat je vandaag verwachten kun 	Wat kun je vandaag verwachten	1.0178865115636942e-16
Wat heb je gemist 	heb Wat gemist je 	Wat heb je gemist	2.9665678293832724e-12
Daarom begrijpt ze Lotte goed 	begrijpt Daarom ze Lotte goed 	Daarom begrijpt ze Lotte goed	2.5570095392227084e-22
De deur is op slot 	De deur op is slot 	De deur is op slot	9.084078974709282e-15
Ze is alleen 	is Ze alleen 	Ze is alleen	1.9618003027272204e-10
Het licht is uit 	Het is licht uit 	Het is licht uit	9.63336528893391e-13
Ze is geblinddoekt 	Ze geblinddoekt is 	Ze is geblinddoekt	1.7309636795713995e-12
Malorie weet echter niet waar 	weet Malorie echter niet waar 	Malorie weet echter niet waar	1.0057103757240093e-15
Ze ademt in 	ademt Ze in 	Ze ademt in	1.2047082829356427e-13
Ze houdt haar adem in 	Ze haar houdt adem in 	Ze houdt haar adem in	9.743813486627302e-18
Ze ademt uit 	Ze uit ademt 	Ze ademt uit	2.333571095642535e-13
Goedkoop is dat niet 	is Goedkoop dat niet 	Goedkoop is dat niet	2.2637006207373364e-14
Faycal Hoessein was hun leider 	Faycal was Hoessein hun leider 	Faycal Hoessein was hun leider	1.2594393822628081e-20
En dat is bijzonder 	is En dat bijzonder 	En dat is bijzonder	3.0727837070449412e-12
Bestaan er geen eerstegraads familie 	er geen Bestaan eerstegraads familie 	er geen Bestaan eerstegraads familie	6.804516976495983e-27
Hout Hout is een materiaalgroep 	Hout Hout een is materiaalgroep 	is Hout Hout een materiaalgroep	9.659329305114097e-20
Hout is gemakkelijk te bewerken 	Hout gemakkelijk is bewerken te 	Hout is gemakkelijk te bewerken	4.373352611077684e-20
Hout is brandbaar 	Hout brandbaar is 	Hout is brandbaar	5.348831090495659e-15
Plastics Plastics zijn kunststoffen 	zijn Plastics Plastics kunststoffen 	zijn Plastics Plastics kunststoffen	2.110615858791924e-24
Natuurlijke vezels zijn goed afbreekbaar 	Natuurlijke vezels goed zijn afbreekbaar 	Natuurlijke vezels zijn goed afbreekbaar	1.3435354244923525e-22
Bijvoorbeeld hoeveel kinderen aanwezig zijn 	Bijvoorbeeld zijn hoeveel kinderen aanwezig 	Bijvoorbeeld hoeveel kinderen zijn aanwezig	5.990575975504733e-20
Hoe gaat het vandaag 	gaat Hoe het vandaag 	Hoe gaat het vandaag	1.769715292287013e-12
Wie ben ik 	ben Wie ik 	Wie ben ik	4.067901684171503e-09
Van drummen tot hitjes produceren 	Van produceren drummen tot hitjes 	produceren Van drummen tot hitjes	1.799305995351392e-24
Dat merken ook deze kinderen 	merken Dat ook deze kinderen 	Dat merken ook deze kinderen	3.871258114087054e-17
Ergens is dat fijn 	Ergens dat fijn is 	Ergens is dat fijn	2.1627561523228265e-15
Ik vind dat heel raar 	Ik dat heel raar vind 	Ik vind dat heel raar	1.7499408400107673e-13
Misschien zelfs het hotel overnemen 	Misschien overnemen zelfs het hotel 	Misschien zelfs het hotel overnemen	2.3716867696604892e-21
Als dat kan 	kan Als dat 	Als dat kan	5.589832432408918e-10
Dat is nog niet gebeurd 	Dat gebeurd nog is niet 	Dat is nog niet gebeurd	1.7163879920459518e-12
Wat had je vader gedaan 	gedaan Wat je had vader 	Wat gedaan je had vader	1.0
Dat was veiliger voor ons 	Dat veiliger voor was ons 	Dat was veiliger voor ons	4.944036577650022e-16
We hadden schema s 	We schema hadden s 	We hadden schema s	3.6418359413232906e-22
En dat deed ik ook 	En dat ik ook deed 	En dat deed ik ook	1.2680845568774072e-12
Focus is belangrijk 	is Focus belangrijk 	Focus is belangrijk	9.082920719709652e-15
Digitale vaardig zijn 	zijn Digitale vaardig 	zijn Digitale vaardig	1.0078371340739559e-16
Men noemde ze amfitheaters 	noemde Men ze amfitheaters 	Men noemde ze amfitheaters	7.824978359747004e-16
Tandartsen worden bijgestaan door tandartsassistenten 	bijgestaan Tandartsen door worden tandartsassistenten 	Tandartsen door bijgestaan worden tandartsassistenten	1.7991716249362436e-19
Ga naar Instellingen 2 	naar Instellingen 2 Ga 	naar Ga Instellingen 2	1.371940041244792e-18
Geen bericht is goed bericht 	is Geen bericht goed bericht 	Geen bericht is goed bericht	3.303797045722854e-20
Laat de resultaten zien 	de Laat zien resultaten 	Laat de resultaten zien	2.2280682971627104e-14
Conceptvragen komen weer helemaal terug 	komen Conceptvragen weer helemaal terug 	Conceptvragen komen weer helemaal terug	4.9489891171569204e-17
Nederland is een WestEuropees land 	Nederland een WestEuropees land is 	Nederland is een WestEuropees land	3.6830170060094277e-17
De bewijzen zijn overduidelijk 	De bewijzen overduidelijk zijn 	De bewijzen zijn overduidelijk	6.731334092087139e-16
Ze leveren grondstoffen en voedsel 	Ze grondstoffen en leveren voedsel 	Ze leveren grondstoffen en voedsel	1.3991147113173584e-19
Ze leveren grondstoffen en voedsel 	Ze grondstoffen en voedsel leveren 	Ze leveren grondstoffen en voedsel	1.3991147113173584e-19
Ken je de sport skeleton 	je de sport skeleton Ken 	je de sport skeleton Ken	4.542147271578223e-22
Hoe werkt het 	werkt Hoe het 	Hoe werkt het	2.687483846915918e-10
En ledverlichting verplichten 	En verplichten ledverlichting 	En ledverlichting verplichten	3.3477348263537736e-13
Klaar ben je 	ben Klaar je 	Klaar ben je	4.332354179117605e-15
Hoe is de elearning opgebouwd 	Hoe is opgebouwd de elearning 	Hoe is de elearning opgebouwd	3.6880599096485895e-14
Accreditatie is aangevraagd 	aangevraagd Accreditatie is 	Accreditatie is aangevraagd	6.028909963971889e-13
Maar hoe goed werken mondkapjes 	Maar hoe goed mondkapjes werken 	Maar hoe goed mondkapjes werken	1.3563842175637175e-16
NEMO Kennislink interviewde hem 	NEMO Kennislink hem interviewde 	NEMO Kennislink interviewde hem	5.788946898176449e-20
Maar werkt het nou echt 	Maar het werkt nou echt 	Maar werkt het nou echt	1.5168221267052333e-14
Zo rommelde ik wat aan 	Zo ik wat aan rommelde 	Zo rommelde ik wat aan	2.04738482949085e-19
Robin wrijft in zijn ogen 	wrijft Robin in zijn ogen 	wrijft Robin in zijn ogen	1.2475450922888353e-19
Het lukt niet 	Het niet lukt 	Het lukt niet	2.8515363551196448e-11
Wat is dit nu weer 	is Wat dit nu weer 	Wat is dit nu weer	2.8972932162714626e-14
Dat is het 	is Dat het 	Dat is het	7.810001514333173e-09
Hij tilt Knor op 	Hij Knor tilt op 	Hij tilt Knor op	3.3745152407316554e-20
Hij is een varken 	Hij een is varken 	Hij is een varken	5.6162851969152805e-12
Hij slaapt gewoon door 	Hij gewoon door slaapt 	Hij slaapt gewoon door	2.4069516247348612e-14
Steeds meer Nederlanders zien slecht 	Steeds meer zien Nederlanders slecht 	Steeds meer Nederlanders zien slecht	1.4178643071977775e-19
Zij hebben moeite met kijken 	Zij hebben moeite kijken met 	Zij hebben moeite met kijken	2.6436559769757433e-19
Deze mensen zijn bijziend 	zijn Deze mensen bijziend 	Deze mensen zijn bijziend	1.0964896301131039e-13
Andere mensen zijn verziend 	Andere mensen verziend zijn 	zijn Andere verziend mensen	3.2390718696456946e-15
Blinde mensen hebben een stok 	Blinde mensen een stok hebben 	Blinde mensen hebben een stok	4.0082598204589007e-22
Dat is normaal 	is Dat normaal 	Dat is normaal	2.3547106698529903e-10
Je noemt die regels omgangsregels 	Je die noemt regels omgangsregels 	Je noemt die regels omgangsregels	1.2621540495906188e-19
Toch ken je ze wel 	Toch je ken ze wel 	Toch ken je ze wel	8.2053538217838e-17
Je blijft lerenden wel monitoren 	Je lerenden blijft monitoren wel 	Je blijft lerenden wel monitoren	1.5112226408725418e-17
De motoren minderen vaart 	De minderen vaart motoren 	De minderen vaart motoren	3.56409299078986e-20
Ze stoppen 	stoppen Ze 	Ze stoppen	1.0099473603485579e-10
Het meisje zit heel stil 	Het zit meisje heel stil 	Het meisje zit heel stil	1.3504506966886177e-17
Gebruik toetsen als leeractiviteit 	toetsen Gebruik als leeractiviteit 	Gebruik als toetsen leeractiviteit	1.9600178591626946e-19
Wij spreken wel van stadstaten 	Wij wel van stadstaten spreken 	Wij spreken wel van stadstaten	5.394479706034522e-16
Maar hij zweeg 	zweeg Maar hij 	Maar hij zweeg	7.43852269159341e-13
De gebeurtenissen gaven hem gelijk 	gaven De gebeurtenissen hem gelijk 	De gebeurtenissen gaven hem gelijk	1.3475118899882596e-19
Ieder ogenblik werd er gebombardeerd 	Ieder ogenblik er werd gebombardeerd 	Ieder ogenblik werd er gebombardeerd	2.442407128629011e-20
Er ontstaan patronen 	Er patronen ontstaan 	Er patronen ontstaan	5.1198427377960405e-15
Grappig is het wel 	is Grappig het wel 	Grappig is het wel	1.1256283425929752e-13
Bestaat er een Europees auteursrecht 	er een Europees Bestaat auteursrecht 	er Bestaat een Europees auteursrecht	1.853706735459659e-21
Iedereen kan meedoen 	kan meedoen Iedereen 	Iedereen kan meedoen	1.8948551876803856e-13
Dit noem je ontginningen 	Dit je noem ontginningen 	Dit noem je ontginningen	7.80635056362909e-14
Waar gaat het gesprek over 	Waar het gesprek over gaat 	Waar gaat het gesprek over	3.079324723364928e-16
Wat neemt u mee 	neemt Wat u mee 	Wat neemt u mee	2.2508792993672188e-13
We rekenen op uw komst 	We op rekenen uw komst 	We rekenen op uw komst	3.16082084237222e-19
Ivan keek op 	keek Ivan op 	keek Ivan op	6.377873818180824e-17
Alles aan hem was uitvergroot 	Alles uitvergroot aan hem was 	Alles was aan hem uitvergroot	5.316374865445344e-19
Ik herkende die gezichtsuitdrukking 	herkende Ik die gezichtsuitdrukking 	Ik herkende die gezichtsuitdrukking	2.0018624921508893e-14
Hij hoorde bij ons 	Hij bij hoorde ons 	Hij hoorde bij ons	3.2605139783224907e-13
Heel even maakten we oogcontact 	maakten Heel even we oogcontact 	Heel even maakten we oogcontact	1.395209446509589e-24
Wanneer waren die middeleeuwen 	Wanneer die waren middeleeuwen 	Wanneer waren die middeleeuwen	4.834578193723147e-15
Ze hadden filosofen zoals Plato 	Ze filosofen hadden zoals Plato 	Ze hadden filosofen zoals Plato	4.172231174898696e-22
Dat viel uit elkaar 	viel Dat uit elkaar 	Dat viel uit elkaar	3.1749673106389773e-13
Zo vormden ze grote riffen 	Zo ze grote riffen vormden 	Zo vormden ze grote riffen	3.3544924579527726e-17
Klopt het overzicht 	het Klopt overzicht 	het Klopt overzicht	3.0902598709246336e-15
Klopt het niet 	het niet Klopt 	het niet Klopt	4.7668174586735494e-15
Vragen of overleggen 	Vragen overleggen of 	Vragen of overleggen	7.524820232565744e-15
Wij helpen u graag verder 	helpen Wij u graag verder 	Wij helpen u graag verder	3.711295028433654e-19
Vele oersoorten zijn uitgestorven 	zijn uitgestorven Vele oersoorten 	Vele oersoorten zijn uitgestorven	4.76641675053461e-16
Paramedici hebben een hboopleiding gevolgd 	Paramedici een hebben hboopleiding gevolgd 	Paramedici hebben een hboopleiding gevolgd	6.663094200056238e-19
De Grifthoek duurt 3 jaar 	De duurt Grifthoek 3 jaar 	De Grifthoek duurt 3 jaar	1.002264590780362e-15
Welke vervoermiddelen staan er precies 	staan Welke vervoermiddelen er precies 	Welke vervoermiddelen staan er precies	6.591855579905436e-20
Ook hebben sommige autos kinderzitjes 	hebben Ook sommige autos kinderzitjes 	Ook hebben sommige autos kinderzitjes	7.78996641435706e-19
Paspoort of identiteitskaart teruggevonden 	Paspoort of teruggevonden identiteitskaart 	teruggevonden Paspoort of identiteitskaart	7.32173461985877e-22
Maar Silver heeft een punt 	Maar heeft Silver een punt 	Maar Silver heeft een punt	1.7049490842965555e-19
Ik ga voetballen 	voetballen Ik ga 	Ik ga voetballen	2.2879010840385244e-12
De zon schijnt eindelijk 	schijnt De zon eindelijk 	De zon schijnt eindelijk	6.607828255830257e-17
Maak de zin vragend 	de zin vragend Maak 	de zin Maak vragend	1.5869389857624862e-15
Voorbeeld Joost kan goed voetballen 	voetballen Voorbeeld Joost goed kan 	Voorbeeld kan Joost goed voetballen	2.0698281349674564e-24
Kan Joost goed voetballen 	voetballen Joost goed Kan 	Joost Kan voetballen goed	1.8607580916986705e-19
Voorbeeld Joost kan goed voetballen 	kan Voorbeeld Joost voetballen goed 	Voorbeeld kan Joost goed voetballen	2.0698281349674564e-24
Joost kon goed voetballen 	kon voetballen Joost goed 	Joost kon voetballen goed	6.917641846785647e-18
Ook volwassenen pesten elkaar 	Ook pesten volwassenen elkaar 	Ook volwassenen pesten elkaar	4.932208505617296e-20
Het is gemeen 	is Het gemeen 	Het is gemeen	6.2707047735777e-11
Iemand scheldt een collega uit 	scheldt Iemand een collega uit 	Iemand scheldt een collega uit	2.2802050586216587e-20
Of ze zeggen vervelende dingen 	Of ze vervelende zeggen dingen 	Of ze vervelende dingen zeggen	2.6799380144652627e-20
Andere collega s gaan meedoen 	meedoen Andere collega s gaan 	Andere collega meedoen s gaan	4.3920383157151175e-26
Er zijn twee soorten platen 	Er twee zijn soorten platen 	Er twee zijn soorten platen	1.743840037385973e-21
Die bewegingen worden convectiestromen genoemd 	Die bewegingen worden genoemd convectiestromen 	Die bewegingen convectiestromen genoemd worden	6.4749111208169236e-18
Plastic is briljant 	is Plastic briljant 	Plastic briljant is	2.8309881936366873e-18
Wil je een uitdaging 	je een uitdaging Wil 	Wil je een uitdaging	8.450731109947904e-15
En dat is plastic 	is En dat plastic 	En dat plastic is	1.094573678906138e-13
De aarde bestaat uit lagen 	De lagen bestaat aarde uit 	De lagen bestaat aarde uit	1.2351751667515185e-19
Daar is het heel heet 	Daar het heet heel is 	Daar het heel heet is	1.0315656310426042e-15
Dan heb je de binnenmantel 	Dan je de binnenmantel heb 	Dan heb je de binnenmantel	8.639484294814094e-15
Daaroverheen heb je de buitenmantel 	Daaroverheen je heb de buitenmantel 	Daaroverheen heb je de buitenmantel	4.0224741667486914e-14
Daar vind je magma 	Daar je magma vind 	Daar vind je magma	2.1149081402588942e-16
Die puzzelstukken heten aardplaten 	Die heten puzzelstukken aardplaten 	Die heten aardplaten puzzelstukken	4.41586293303472e-15
Dat zit zo 	Dat zo zit 	Dat zit zo	3.811346784217274e-11
Zijn ouders waren niet getrouwd 	Zijn getrouwd ouders waren niet 	Zijn ouders waren niet getrouwd	2.2299666356668306e-17
De korpsleiding noemt dat scheefgroei 	De korpsleiding dat scheefgroei noemt 	De korpsleiding noemt dat scheefgroei	5.090771686659205e-22
Wat is de prehistorie 	Wat de prehistorie is 	Wat is de prehistorie	6.010186541514157e-13
Maar dat zijn miljoenen jaren 	Maar dat miljoenen zijn jaren 	Maar dat zijn miljoenen jaren	2.0172078379160002e-16
En wanneer begint de geschiedenis 	En wanneer de begint geschiedenis 	En wanneer begint de geschiedenis	1.5227783877108437e-15
Prehistorie betekent letterlijk voorgeschiedenis 	Prehistorie letterlijk voorgeschiedenis betekent 	Prehistorie betekent letterlijk voorgeschiedenis	2.0116835692322155e-24
Ze maakten wel rotstekeningen 	Ze wel maakten rotstekeningen 	Ze maakten wel rotstekeningen	5.187408395070639e-14
Wat betekent prehistorie 	Wat prehistorie betekent 	Wat betekent prehistorie	1.273212653921162e-14
Prehistorie betekent voorgeschiedenis 	betekent Prehistorie voorgeschiedenis 	Prehistorie betekent voorgeschiedenis	8.120125242278228e-20
Ze maakten wel rotstekeningen 	maakten Ze wel rotstekeningen 	Ze maakten wel rotstekeningen	5.187408395070639e-14
Dat heet programmatische preventie 	heet Dat programmatische preventie 	Dat heet programmatische preventie	8.768026425277606e-17
Zintuigen bestaan uit zintuigcellen 	Zintuigen uit bestaan zintuigcellen 	bestaan Zintuigen uit zintuigcellen	2.5607081526866167e-17
Zintuigen bestaan uit zintuigcellen 	Zintuigen uit bestaan zintuigcellen 	bestaan Zintuigen uit zintuigcellen	2.5607081526866167e-17
De zenuwcellen vormen samen zenuwen 	vormen De zenuwcellen samen zenuwen 	De zenuwcellen vormen samen zenuwen	1.5752146654654888e-22
Het internet staat onder druk 	Het internet onder staat druk 	Het internet staat onder druk	1.3064996466760746e-16
Dat moet anders 	Dat anders moet 	Dat moet anders	1.8801509806071885e-11
Voorbeeldproject een simpel keukenkastje bouwen 	Voorbeeldproject een simpel bouwen keukenkastje 	Voorbeeldproject een simpel keukenkastje bouwen	1.0202466839344348e-21
Dit hoeft niet heel uitgebreid 	uitgebreid Dit hoeft niet heel 	Dit hoeft niet heel uitgebreid	1.9845020395389334e-16
PSV speelde tegen VVV Venlo 	PSV tegen VVV speelde Venlo 	PSV speelde tegen VVV Venlo	8.564526542192036e-26
De hypofyse maakt hormonen aan 	De hypofyse hormonen maakt aan 	De hypofyse maakt hormonen aan	6.068349913602887e-21
Zo stopt de warmwatertoevoer 	Zo de stopt warmwatertoevoer 	Zo stopt de warmwatertoevoer	3.0415996718851184e-14
Draai de ontluchtingsnippel dicht 	de Draai ontluchtingsnippel dicht 	de Draai ontluchtingsnippel dicht	3.046814161095341e-17
Dat zijn je plichten 	Dat je zijn plichten 	Dat je zijn plichten	2.5368221225680926e-15
Je kunt ook dingen verwachten 	Je ook kunt dingen verwachten 	Je kunt ook dingen verwachten	3.586040858680125e-17
Dat zijn je rechten 	zijn Dat je rechten 	Dat zijn je rechten	3.7080081806378233e-14
Ze staan in het wetboek 	Ze in het staan wetboek 	Ze staan in het wetboek	2.7263666145867953e-16
Ook gaan beroepsvaartuigen doorgaans sneller 	Ook beroepsvaartuigen doorgaans gaan sneller 	Ook beroepsvaartuigen doorgaans sneller gaan	3.1630630870088667e-19
Daar kom je genoeg tegen 	Daar je genoeg tegen kom 	Daar kom je genoeg tegen	2.5987911685105083e-18
Ga op ontdekking 	op Ga ontdekking 	Ga op ontdekking	8.7557588405612e-16
Dat noemen we homeostase 	Dat we homeostase noemen 	Dat noemen we homeostase	1.8639089455631356e-15
Gebeurtenissen hebben een oorzaak 	Gebeurtenissen een hebben oorzaak 	Gebeurtenissen hebben een oorzaak	5.856069955836059e-17
U krijgt een krediet 	krijgt U een krediet 	U krijgt een krediet	7.398829347324038e-15
Waarom is goed kabelmanagement belangrijk 	is Waarom goed kabelmanagement belangrijk 	Waarom is goed kabelmanagement belangrijk	7.884308088915623e-19
Dit kost 10 extra 	Dit 10 extra kost 	Dit 10 extra kost	2.0386403309994514e-17
Betalen gaat via iDeal 	via gaat Betalen iDeal 	via iDeal gaat Betalen	2.6382677582489966e-17
Technische kennis is daarbij onontbeerlijk 	is Technische kennis daarbij onontbeerlijk 	Technische kennis is daarbij onontbeerlijk	3.391715655505817e-23
Dat zijn er ongeveer 800 	Dat er ongeveer 800 zijn 	Dat zijn er ongeveer 800	4.947408820222801e-14
Hoe zit dat 	zit Hoe dat 	Hoe zit dat	2.0682552804179083e-09
Meer sporten gezonder eten 	sporten Meer eten gezonder 	Meer sporten eten gezonder	1.2087254808509208e-20
Bob drinkt helemaal geen alcohol 	Bob helemaal geen drinkt alcohol 	Bob drinkt helemaal geen alcohol	2.3019396982588142e-18
Je wordt impulsiever en losser 	wordt Je impulsiever en losser 	Je wordt impulsiever en losser	1.4465151769286925e-15
Dat is fijn 	is Dat fijn 	Dat is fijn	2.4452764648473325e-10
Dat is het fijnst 	Dat het fijnst is 	Dat is het fijnst	1.1034854966333103e-09
Zo leest opa voor 	leest Zo opa voor 	leest Zo opa voor	1.2272170843833757e-18
Het is bijna Kerstmis 	Het bijna is Kerstmis 	Het is bijna Kerstmis	7.818272096111604e-15
Opa en oma zijn gekomen 	gekomen zijn Opa en oma 	Opa zijn gekomen en oma	2.614181942425026e-21
Ze blijven heel lang 	blijven Ze heel lang 	Ze blijven heel lang	2.7184056444035345e-12
Het is avond 	Het avond is 	Het avond is	3.2619025890080556e-11
Suze is al naar bed 	Suze al naar is bed 	Suze al is naar bed	4.603468890523013e-21
De hoofdstad is Boekarest 	De is hoofdstad Boekarest 	De hoofdstad is Boekarest	1.7289216165686243e-17
Waargebeurd of Legende 	of Waargebeurd Legende 	of Waargebeurd Legende	1.3379344160289357e-16
Kan geurprikkels omzetten in impulsen 	Kan omzetten geurprikkels in impulsen 	geurprikkels Kan omzetten in impulsen	1.8362038059895107e-23
Kan smaakprikkels omzetten in impulsen 	smaakprikkels in impulsen Kan omzetten 	smaakprikkels Kan omzetten in impulsen	1.8362038059895107e-23
Meer informatie vind je hier 	Meer informatie je hier vind 	Meer informatie vind je hier	5.262423595426107e-17
Dat komt door onzekerheid 	Dat door komt onzekerheid 	Dat komt door onzekerheid	9.146949425687029e-16
Welke kant je ook kiest 	Welke kiest kant je ook 	Welke kant kiest je ook	7.238712328684727e-17
Kies voor Saldo laden 	voor Saldo Kies laden 	Kies laden voor Saldo	1.5590594301784857e-21
Kies daarna voor Saldo aanvullen 	daarna voor aanvullen Kies Saldo 	daarna Kies voor aanvullen Saldo	6.935501803498511e-26
Heb je een NSabonnement 	je een NSabonnement Heb 	je Heb een NSabonnement	6.97641903577499e-16
Schaarste dwingt tot keuzes 	Schaarste tot keuzes dwingt 	Schaarste dwingt tot keuzes	9.503681735252639e-23
Niet alleen consumenten maken keuzes 	Niet maken alleen consumenten keuzes 	Niet alleen maken consumenten keuzes	3.139887992861919e-24
Denk bijvoorbeeld aan olie 	bijvoorbeeld aan Denk olie 	Denk bijvoorbeeld aan olie	4.516953988025171e-16
Hij kan weg 	kan Hij weg 	Hij kan weg	1.511240445139497e-10
In die duisternis wachten verschrikkingen 	In die wachten duisternis verschrikkingen 	In die duisternis wachten verschrikkingen	5.5071933860621595e-22
Sommige microorganismen maken je ziek 	maken Sommige microorganismen je ziek 	Sommige microorganismen maken je ziek	3.626153329716485e-20
Er is nagenoeg geen hinder 	Er nagenoeg geen hinder is 	Er is nagenoeg geen hinder	7.199132126719521e-19
De landen zijn niet onafhankelijk 	De landen niet zijn onafhankelijk 	De landen niet zijn onafhankelijk	2.3079172299451657e-16
Deze keer zegt ze niets 	zegt Deze keer ze niets 	Deze keer zegt ze niets	8.249416262800874e-17
Ze autosleutels zocht 	Ze zocht autosleutels 	Ze zocht autosleutels	1.9089917419881387e-14
Nu word je drijfnat 	word Nu je drijfnat 	Nu je drijfnat word	2.100401781721649e-16
Zoë trok een gezicht 	trok Zoë een gezicht 	Zoë trok een gezicht	4.908890807592124e-16
Ah daar liggen mijn sleutels 	Ah liggen daar mijn sleutels 	Ah liggen daar mijn sleutels	8.887969095899803e-24
Nou ik ga ervandoor 	ga Nou ik ervandoor 	Nou ik ga ervandoor	3.7658276334749854e-17
Wat is een minnelijke schuldregeling 	Wat een minnelijke schuldregeling is 	Wat is een minnelijke schuldregeling	7.312615518082054e-15
De rest wordt kwijtgescholden 	De kwijtgescholden wordt rest 	De rest wordt kwijtgescholden	1.5690359706092456e-12
Hoe verloopt de schuldregeling 	verloopt Hoe de schuldregeling 	Hoe verloopt de schuldregeling	8.305660753189139e-13
Uw VTLB is 120811 	Uw VTLB is 120811 	is Uw VTLB 120811	1.0124764924636895e-19
Hebt u nog vragen 	u nog vragen Hebt 	Hebt u nog vragen	7.070290985154342e-14
Veel dieren zijn polygaam 	Veel dieren polygaam zijn 	Veel dieren zijn polygaam	1.6844916219427484e-16
Ook cliënten hebben seksuele rechten 	Ook hebben cliënten seksuele rechten 	Ook cliënten hebben seksuele rechten	1.1943874810409602e-22
Daartoe worden verschillende levensfasen beschreven 	worden beschreven Daartoe verschillende levensfasen 	Daartoe worden verschillende levensfasen beschreven	3.5959877818961327e-20
Heeft een kind seksuele gevoelens 	een kind Heeft seksuele gevoelens 	een kind Heeft seksuele gevoelens	1.3359308010237665e-20
Sinraptor behoort tot de Metriacanthosauridae 	behoort Sinraptor tot de Metriacanthosauridae 	Sinraptor behoort tot de Metriacanthosauridae	1.94969574146724e-21
Wormen geen skelet 	 geen skelet Wormen 	Wormen   geen skelet	5.086876877386493e-18
Deze wet draagt daartoe bij 	draagt Deze wet daartoe bij 	Deze wet draagt daartoe bij	2.361564135202054e-19
Slimmer werken 	werken Slimmer 	Slimmer werken	3.942245162349804e-12
Ik denk het niet 	Ik het niet denk 	Ik denk het niet	1.068940469617969e-09
Bij glasvezel is dat anders 	Bij is glasvezel dat anders 	Bij glasvezel is dat anders	7.351656365049451e-16
Ben jij een snoepkont 	jij een snoepkont Ben 	jij Ben een snoepkont	3.650203760892788e-15
Je hebt snoep niet nodig 	Je snoep niet hebt nodig 	Je snoep hebt niet nodig	1.6348202975558356e-19
Je hebt snoep niet nodig 	Je snoep hebt niet nodig 	Je snoep hebt niet nodig	1.6348202975558356e-19
In snoep zit veel suiker 	In snoep veel zit suiker 	In snoep zit veel suiker	1.3046563683874182e-21
Je hebt snoep niet nodig 	Je snoep niet hebt nodig 	Je snoep hebt niet nodig	1.6348202975558356e-19
Gezellig kom binnen 	Gezellig kom binnen 	kom Gezellig binnen	1.39370525095219e-14
Wieske wilde graag de roze 	wilde Wieske graag de roze 	Wieske graag de roze wilde	3.2887877783902597e-23
Dat mocht van Katie 	Dat van mocht Katie 	Dat mocht van Katie	1.569995840272119e-14
Je loopt verschillende financiële risicos 	loopt Je verschillende financiële risicos 	Je loopt verschillende financiële risicos	1.394899380524175e-20
Je spaart voor onvoorziene uitgaven 	Je voor onvoorziene uitgaven spaart 	Je spaart voor onvoorziene uitgaven	3.230117445131198e-21
De bank geeft 5 rente 	De bank 5 geeft rente 	De bank geeft 5 rente	4.1786026758261486e-18
Micha spaart met een doel 	spaart Micha met een doel 	spaart Micha met een doel	3.1525361524444124e-19
Micha spaart uit voorzorg 	spaart Micha uit voorzorg 	spaart Micha uit voorzorg	1.2607027193624724e-19
Je noemt dat storten aflossen 	Je dat aflossen noemt storten 	Je noemt dat storten aflossen	4.036703317448058e-19
Wisselen van rijstrook 	van Wisselen rijstrook 	Wisselen van rijstrook	3.474333843942945e-15
Kies voor dezelfde doorgang 	voor dezelfde Kies doorgang 	Kies voor dezelfde doorgang	4.324186112927844e-18
Je noemt dit het spierstelsel 	Je dit het noemt spierstelsel 	Je noemt dit het spierstelsel	9.79546875255936e-17
Spieren maken beweging mogelijk 	Spieren beweging mogelijk maken 	Spieren beweging maken mogelijk	3.395521728825325e-20
Speeksel bevat verteringssappen 	bevat Speeksel verteringssappen 	bevat Speeksel verteringssappen	1.1563862095830704e-15
Heb je nog geen Vitamineaccount 	je nog geen Heb Vitamineaccount 	je Heb nog geen Vitamineaccount	5.203739835045161e-19
De afstand kan worden opgemeten 	worden opgemeten De afstand kan 	De afstand kan worden opgemeten	2.5363371777151626e-17
De snelheid kan worden berekend 	De berekend snelheid worden kan 	De snelheid kan worden berekend	7.567900859322363e-17
Deze kwam uit in 1991 	Deze uit in 1991 kwam 	Deze kwam uit in 1991	4.8289397232246496e-15
Het was een 16bits spelcomputer 	Het een 16bits spelcomputer was 	Het was een 16bits spelcomputer	2.668758867652274e-19
Die afwisseling maakt het geweldig 	Die afwisseling het geweldig maakt 	Die afwisseling maakt het geweldig	2.3693341578557823e-19
Scotts beste vriend is Stiles 	is Scotts beste vriend Stiles 	Scotts beste vriend is Stiles	2.111629559565065e-21
Telecomprovider Voys heeft Eigennummernl overgenomen 	overgenomen Telecomprovider heeft Voys Eigennummernl 	Telecomprovider heeft Voys Eigennummernl overgenomen	8.107245724572383e-23
Noem je naam 	je Noem naam 	Noem je naam	1.0245510895081946e-11
Zeg wat je wilt 	wat Zeg je wilt 	Zeg wat je wilt	8.815775692071161e-17
Noem zo nodig je telefoonnummer 	zo nodig Noem je telefoonnummer 	zo nodig je Noem telefoonnummer	1.5391389860357871e-19
Sluit netjes af 	netjes Sluit af 	Sluit netjes af	1.951769591288978e-15
En dat is zo 	En is dat zo 	En dat is zo	4.111681740155137e-10
Wat is me inhoudelijk opgevallen 	Wat opgevallen me inhoudelijk is 	Wat is me inhoudelijk opgevallen	1.5523942562989671e-18
Was er ruimte voor socialisatie 	er Was ruimte voor socialisatie 	Was er ruimte voor socialisatie	9.576855208004589e-19
Hoe was de beleving 	Hoe de was beleving 	Hoe was de beleving	3.985525598776086e-13
Ik heb met plezier deelgenomen 	heb deelgenomen Ik met plezier 	Ik heb deelgenomen met plezier	3.1471003860438228e-16
Daarom is jouw feedback waardevol 	is Daarom jouw feedback waardevol 	Daarom is jouw feedback waardevol	3.551722281159564e-22
Dan ben je waarschijnlijk verliefd 	ben Dan je waarschijnlijk verliefd 	Dan ben je waarschijnlijk verliefd	2.1264385556153076e-18
Hoe doe je dat 	doe Hoe je dat 	Hoe doe je dat	2.5020854548558706e-10
Wat is toen goed gegaan 	Wat toen goed gegaan is 	Wat is toen goed gegaan	1.7274528281143806e-15
Wat kon beter 	kon Wat beter 	Wat kon beter	1.9053686395517117e-12
Ze wonnen wel allebei 	wonnen Ze wel allebei 	Ze wonnen wel allebei	9.53635167872356e-19
In rode bloedcellen zit hemoglobine 	In rode bloedcellen hemoglobine zit 	In rode bloedcellen zit hemoglobine	1.4235951641945913e-24
Maar opeens bleef ik staan 	Maar opeens bleef staan ik 	Maar opeens bleef ik staan	1.426003565383079e-17
Het schoolplein was weg 	Het was schoolplein weg 	Het schoolplein was weg	4.1591744599998614e-16
Het was een gat geworden 	geworden Het was een gat 	Het was een gat geworden	3.227068081049297e-15
We stonden ervan te kijken 	stonden We ervan kijken te 	We stonden ervan te kijken	6.117151532563406e-17
Van wie is de stad 	is Van wie de stad 	Van wie is de stad	9.587312288056255e-14
Moet het anders 	het Moet anders 	Moet het anders	7.574285471442952e-13
Samen maken wij de stad 	Samen wij maken de stad 	Samen maken wij de stad	1.3257349609591036e-18
Koolstofdioxide is een afvalstof 	is Koolstofdioxide een afvalstof 	Koolstofdioxide is een afvalstof	4.6799512619344744e-17
Het bloed raakt daardoor vervuild 	Het bloed daardoor raakt vervuild 	Het bloed raakt daardoor vervuild	1.3717599955653478e-20
Het transport verloopt via diffusie 	Het transport via diffusie verloopt 	Het transport verloopt via diffusie	2.5172733779690124e-23
Waar gaat deze uitspraak over 	gaat Waar deze uitspraak over 	Waar gaat deze uitspraak over	3.1088635175851094e-17
Verzoekster heeft de Iraakse nationaliteit 	Verzoekster de heeft Iraakse nationaliteit 	Verzoekster heeft de Iraakse nationaliteit	4.802227269181342e-17
Rijden rijden 	 Rijden rijden 	rijden   Rijden	7.235482204833509e-19
Wat heb je gedaan 	heb Wat je gedaan 	Wat heb je gedaan	5.47428360507294e-10
UVS heeft 1000 leden 	heeft UVS 1000 leden 	UVS heeft 1000 leden	2.582615780009626e-13
Er zijn veertien kleedkamers 	Er veertien kleedkamers zijn 	Er zijn veertien kleedkamers	4.048980862785318e-17
Ik ga op onderzoek uit 	Ik op onderzoek uit ga 	Ik ga op onderzoek uit	6.273893799411877e-16
Wat gebeurt er vandaag 	gebeurt Wat er vandaag 	Wat gebeurt er vandaag	7.637063480374613e-12
Afval wordt dan gerecycled 	gerecycled Afval wordt dan 	gerecycled Afval wordt dan	1.2853799798846507e-17
Hij oefent geen wetgevingstaak uit 	Hij geen oefent wetgevingstaak uit 	Hij oefent geen wetgevingstaak uit	2.5271190711173668e-17
De voorzitter is eenmaal herkiesbaar 	De is voorzitter eenmaal herkiesbaar 	De voorzitter is eenmaal herkiesbaar	7.809500428688456e-17
Durf jij te lachen eekhoorn 	lachen Durf jij te eekhoorn 	jij Durf te eekhoorn lachen	3.2448106341422326e-23
Maar dat duurde erg lang 	Maar dat erg lang duurde 	Maar dat duurde erg lang	2.8129044147099765e-15
Hebt u dit schriftelijk doorgegeven 	Hebt u dit doorgegeven schriftelijk 	Hebt u dit schriftelijk doorgegeven	3.782908881959272e-20
Het abonnement loopt automatisch door 	Het abonnement automatisch loopt door 	Het abonnement loopt automatisch door	1.1191853439032802e-20
Waarom worden diepe plassen verondiept 	Waarom worden diepe verondiept plassen 	Waarom diepe plassen worden verondiept	1.9848790312725045e-22
Dat heet verteren 	Dat verteren heet 	Dat heet verteren	5.3648636744179634e-11
Veel zoogdieren zijn planteneters 	Veel zijn zoogdieren planteneters 	Veel zijn zoogdieren planteneters	4.261374829615301e-20
Ook genotmiddelen beïnvloeden het beloningscentrum 	Ook genotmiddelen het beloningscentrum beïnvloeden 	Ook genotmiddelen het beloningscentrum beïnvloeden	1.2917212288436174e-20
Het prikkelt het beloningscentrum 	prikkelt Het het beloningscentrum 	Het prikkelt het beloningscentrum	5.522316169292883e-16
Je gedrag wordt beloond 	Je beloond gedrag wordt 	Je gedrag wordt beloond	4.196599615203342e-18
Nederland wordt duurzaam 	Nederland duurzaam wordt 	Nederland wordt duurzaam	4.4334548987967967e-13
Ons gezamenlijke vertrekpunt is goed 	is Ons gezamenlijke vertrekpunt goed 	Ons gezamenlijke vertrekpunt is goed	4.130286555578846e-21
De hoofdstad is Hanoi 	De hoofdstad Hanoi is 	De hoofdstad is Hanoi	1.191167375829007e-15
Wat zijn bacteriën 	zijn Wat bacteriën 	Wat zijn bacteriën	8.416322970341417e-12
Zo blijft hij in leven 	Zo hij in leven blijft 	Zo blijft hij in leven	7.274685957087713e-17
Toch zijn ze overal 	zijn Toch ze overal 	Toch zijn ze overal	3.4502643977838923e-15
Waar zitten ze 	Waar ze zitten 	Waar zitten ze	1.674579367780609e-10
En houden je huid gezond 	houden En je huid gezond 	En je huid houden gezond	5.661268547592329e-20
Wanneer worden ze vervelend 	worden Wanneer ze vervelend 	Wanneer ze vervelend worden	3.825317417168965e-14
Of ben je weleens verkouden 	ben verkouden Of je weleens 	Of je ben weleens verkouden	6.562037485207789e-20
Virussen veroorzaken deze ziekten 	Virussen deze ziekten veroorzaken 	Virussen deze ziekten veroorzaken	5.374110360189723e-21
Deze virusziekten zijn heel besmettelijk 	zijn Deze virusziekten heel besmettelijk 	Deze virusziekten zijn heel besmettelijk	6.466476351277399e-20
Dat was gek hè 	was Dat gek hè 	Dat was gek hè	4.358665643027274e-14
Wat kun je ertegen doen 	Wat kun doen je ertegen 	Wat kun je ertegen doen	6.484524133878531e-17
Of ben je weleens verkouden 	Of verkouden ben je weleens 	Of verkouden ben je weleens	1.3615116943895429e-21
Virussen veroorzaken deze ziekten 	veroorzaken Virussen deze ziekten 	Virussen deze ziekten veroorzaken	5.374110360189723e-21
Deze virusziekten zijn heel besmettelijk 	Deze virusziekten heel besmettelijk zijn 	Deze virusziekten zijn heel besmettelijk	6.466476351277399e-20
Mensen moesten zoveel mogelijk thuiswerken 	moesten Mensen thuiswerken zoveel mogelijk 	Mensen moesten thuiswerken zoveel mogelijk	1.5006880272290114e-19
Tenminste dat lijkt zo 	Tenminste dat zo lijkt 	Tenminste dat lijkt zo	1.1458243040219038e-14
Blond groot cool gekleed 	Blond groot gekleed cool 	Blond groot cool gekleed	1.7573660407992153e-23
Zonder aarzelen lacht Zoë terug 	lacht Zonder Zoë terug aarzelen 	Zonder Zoë lacht aarzelen terug	2.949150991381218e-23
Shanna volgt haar blik 	volgt Shanna haar blik 	Shanna volgt haar blik	2.8245703756632084e-19
Shanna rekt haar hals 	Shanna haar hals rekt 	Shanna rekt haar hals	1.1060415638690657e-21
Bedoel je Luuk 	je Luuk Bedoel 	je Luuk Bedoel	7.968938320239472e-16
Ik ken hem niet 	Ik hem ken niet 	Ik ken hem niet	3.4489478466633963e-13
Floris rende over de stoep 	Floris over rende de stoep 	Floris over de rende stoep	1.9244608608240497e-21
Hij wreef over zijn knokkels 	Hij over zijn wreef knokkels 	Hij over zijn wreef knokkels	5.36819368104486e-21
De munteenheid is de renminbi 	De munteenheid de renminbi is 	De munteenheid is de renminbi	1.260594059485932e-17
Verschrikkelijk vond hij het 	Verschrikkelijk hij het vond 	Verschrikkelijk vond hij het	1.78798403642292e-17
Ben je 108 	je Ben 108 	Ben je 108	1.506948114719753e-12
Dat heet voortgezette assimilatie 	heet voortgezette Dat assimilatie 	Dat heet voortgezette assimilatie	1.413302678874907e-20
Die stoffen noem je hormonen 	noem Die stoffen je hormonen 	Die stoffen noem je hormonen	5.5884249162922795e-21
Ook jongens krijgen schaamhaar 	Ook jongens schaamhaar krijgen 	Ook jongens krijgen schaamhaar	6.663349435874606e-18
Hun lichaam gaat zaadcellen aanmaken 	Hun lichaam aanmaken gaat zaadcellen 	Hun lichaam gaat aanmaken zaadcellen	2.5730375286670232e-23
Dit heet ongeslachtelijke voortplanting 	heet Dit ongeslachtelijke voortplanting 	Dit heet ongeslachtelijke voortplanting	1.8705613958638568e-17
Dit heet geslachtelijke voortplanting 	Dit geslachtelijke voortplanting heet 	Dit heet geslachtelijke voortplanting	1.8705613958638568e-17
Kwallen hebben wel ongeslachtelijke voortplanting 	Kwallen wel ongeslachtelijke hebben voortplanting 	Kwallen hebben wel ongeslachtelijke voortplanting	5.1997298341812846e-23
De kwal is volwassen geworden 	De kwal volwassen geworden is 	De kwal is volwassen geworden	1.4283922687446443e-15
De variaties zijn talloos 	De zijn variaties talloos 	De zijn variaties talloos	1.3639667699861031e-18
Soms stroomt er lava uit 	Soms er stroomt lava uit 	Soms stroomt er lava uit	1.6879634038633233e-22
Dit vloeibare gesteente heet lava 	heet Dit vloeibare gesteente lava 	Dit heet vloeibare gesteente lava	5.386633714971945e-26
Dit wordt de verbrandingsdriehoek genoemd 	genoemd Dit wordt de verbrandingsdriehoek 	Dit wordt de verbrandingsdriehoek genoemd	1.3406468506986248e-14
Vind je het spannend 	je het Vind spannend 	je Vind het spannend	1.1564066568000633e-13
De slaapkamers zijn al ingeruimd 	ingeruimd zijn De slaapkamers al 	De slaapkamers zijn al ingeruimd	1.4715377288575958e-17
Verder bestaat er flashkruit 	Verder er bestaat flashkruit 	Verder bestaat er flashkruit	3.798836667733116e-16
Wie heeft vuurwerk eigenlijk uitgevonden 	uitgevonden heeft Wie vuurwerk eigenlijk 	Wie heeft vuurwerk eigenlijk uitgevonden	2.952661984478229e-20
Vuurwerk afsteken kan gevaarlijk zijn 	Vuurwerk zijn kan afsteken gevaarlijk 	zijn afsteken kan Vuurwerk gevaarlijk	6.782457051308029e-24
Welke soorten vuurwerk ken jij 	Welke soorten vuurwerk jij ken 	Welke soorten vuurwerk ken jij	6.900762118782456e-22
Hoe is vuurwerk eigenlijk ontstaan 	ontstaan Hoe vuurwerk is eigenlijk 	Hoe is vuurwerk eigenlijk ontstaan	2.743429575315248e-19
Fopen schertsvuurwerk is consumentenvuurwerk 	Fopen is schertsvuurwerk consumentenvuurwerk 	Fopen is schertsvuurwerk consumentenvuurwerk	3.669031840518564e-17
Duidelijker kan het niet 	Duidelijker het niet kan 	Duidelijker kan het niet	4.730837737559389e-15
Doe eens even normaal 	eens even Doe normaal 	eens Doe even normaal	2.3041521952702144e-17
Normen zijn afgeleid van waarden 	afgeleid Normen van waarden zijn 	Normen van zijn afgeleid waarden	2.868718629194814e-20
Het zijn regels 	Het regels zijn 	Het regels zijn	7.837826552090808e-12
Dat is soms best lastig 	Dat soms best is lastig 	Dat is soms best lastig	9.985413927678313e-16
Katten begraven graag hun drollen 	Katten graag begraven hun drollen 	Katten graag hun drollen begraven	1.3490570450478078e-25
Waarom ze dat doen 	Waarom ze doen dat 	Waarom ze dat doen	7.020294015867784e-13
De oplossing is simpel 	De is oplossing simpel 	De oplossing is simpel	1.039112074154545e-13
Draai je plant 	je Draai plant 	je Draai plant	1.4886608102766844e-15
Waarom is dat nodig 	is Waarom dat nodig 	Waarom dat nodig is	5.7077546994107954e-12
Wat is Paarse vrijdag 	is Wat Paarse vrijdag 	Wat is Paarse vrijdag	1.687891619831669e-17
Waarom is dat nodig 	Waarom dat is nodig 	Waarom dat nodig is	5.7077546994107954e-12
Hoe kan dat worden opgelost 	Hoe opgelost worden kan dat 	Hoe kan dat worden opgelost	6.644405728845573e-16
En dat ze worden gesteund 	worden gesteund En dat ze 	En dat ze gesteund worden	1.1031464589550609e-14
Kijk op Gezondverzekerdnl 	op Kijk Gezondverzekerdnl 	Kijk op Gezondverzekerdnl	3.8213793004785858e-16
Voorkom een overdaad aan applicaties 	een Voorkom overdaad aan applicaties 	een overdaad aan applicaties Voorkom	3.561409772022598e-20
Maak gebruik van activerende werkvormen 	gebruik van werkvormen Maak activerende 	Maak gebruik van activerende werkvormen	1.212955635061769e-20
Besteed aandacht aan online socialisatie 	aandacht aan Besteed online socialisatie 	aandacht aan Besteed online socialisatie	5.50590098305645e-25
DDoSaanvallen vinden plaats tegen iedereen 	DDoSaanvallen plaats tegen vinden iedereen 	DDoSaanvallen vinden plaats tegen iedereen	7.103398213669372e-17
Water is voortdurend op reis 	voortdurend Water is op reis 	Water is voortdurend op reis	4.032558164939812e-21
Water bijvoorbeeld zeewater verdampt 	Water verdampt bijvoorbeeld zeewater 	Water verdampt bijvoorbeeld zeewater	2.139144127228002e-22
Laat hem niet uitdrogen 	uitdrogen Laat hem niet 	Laat hem niet uitdrogen	1.5409067044036899e-16
Zoet water is wel drinkbaar 	Zoet water wel is drinkbaar 	Zoet water is wel drinkbaar	1.4656410704672521e-18
Of we wilden komen 	Of komen we wilden 	Of wilden we komen	2.2416700890418002e-15
Wat heb je gemist 	heb Wat gemist je 	Wat heb je gemist	2.9665678293832724e-12
Welke vulkaantypes zijn er 	Welke zijn vulkaantypes er 	Welke vulkaantypes zijn er	2.7206091070317593e-12
Uiteindelijk werd Brazilië vierde 	Uiteindelijk vierde werd Brazilië 	Uiteindelijk vierde werd Brazilië	2.2271280892559015e-20
Duitsland werd wereldkampioen 	Duitsland wereldkampioen werd 	Duitsland werd wereldkampioen	3.129834574826373e-14
Het Pieterpad loopt door Wierum 	Het Pieterpad door Wierum loopt 	Het Pieterpad loopt door Wierum	2.4166438332140457e-21
Heeft u vragen 	Heeft vragen u 	vragen Heeft u	1.9832346848942445e-14
Ook bruikbaarheid vind ik spannend 	Ook bruikbaarheid ik vind spannend 	Ook bruikbaarheid vind ik spannend	4.141676066766713e-21
Hij overleed in zijn geboorteplaats 	Hij in zijn geboorteplaats overleed 	Hij overleed in zijn geboorteplaats	7.555082501576146e-16
Dieren merken het ook 	Dieren het ook merken 	Dieren merken het ook	2.39836958760289e-17
Hij lijkt wel dood 	Hij wel dood lijkt 	Hij lijkt wel dood	7.676254355907959e-13
Dat hoort bij de winterslaap 	Dat bij hoort de winterslaap 	Dat hoort bij de winterslaap	1.1836098659149126e-16
Of ze begrijpen je niet 	Of ze je niet begrijpen 	Of ze begrijpen je niet	1.7184570211850475e-16
Denk aan een sollicitatiegesprek 	aan een sollicitatiegesprek Denk 	Denk aan een sollicitatiegesprek	2.7511470006323373e-17
Wat is zelfregulatie 	is Wat zelfregulatie 	Wat is zelfregulatie	1.323856928722634e-09
Daaromheen bevonden zich kleine boerengemeenschappen 	Daaromheen zich bevonden kleine boerengemeenschappen 	Daaromheen bevonden zich kleine boerengemeenschappen	3.984758731569156e-21
Zij werken in het ziekenhuis 	Zij in het ziekenhuis werken 	Zij werken in het ziekenhuis	5.6829695381265766e-14
Zij stellen een behandeling vast 	Zij een stellen behandeling vast 	Zij stellen een behandeling vast	8.225563231321763e-18
Zij doen de operaties 	Zij de doen operaties 	Zij doen de operaties	1.0072479064579966e-14
Soms duurt dat maanden 	Soms dat duurt maanden 	Soms duurt dat maanden	6.097148811432957e-17
Niemand heeft het ooit gelezen 	gelezen Niemand het ooit heeft 	Niemand heeft het ooit gelezen	1.738254930991169e-17
Die veer was een teken 	Die was veer een teken 	Die veer was een teken	4.781353301141915e-19
Hoe ziet dat eruit 	ziet Hoe dat eruit 	Hoe dat eruit ziet	1.388336165707259e-12
Zij beschikten over koninklijke rijtuigen 	Zij over koninklijke rijtuigen beschikten 	Zij beschikten over koninklijke rijtuigen	2.2120738151247793e-19
Het monster ging haar vermoorden 	Het ging vermoorden monster haar 	Het monster ging haar vermoorden	4.929502330345625e-21
