se fv s a a	beginning,first
se s fv o	middle,afters
se s fv a o	middle,afters
se fv a	beginning,first
se fv a a	beginning,first
se s fv a	middle,afters
se s fv a nfv	middle,afters
se s fv a o	middle,afters
se fv s a a	beginning,first
se fv po	beginning,first
se s fv o	middle,afters
se fv s m nfv	beginning,first
se s o fv a nfv	middle,random
se s fv a o	middle,afters
se s a fv a	middle,random
se s fv o a	middle,afters
se fv s a o nfv nfv	beginning,first
se s fv a o	middle,afters
se s fv a	middle,afters
se m fv s a	middle,befores
se fv a nfv nfv m	beginning,first
se fv m a p	beginning,first
se m fv s o nfv	middle,befores
se fv s o nfv nfv	beginning,first
se s fv po	middle,afters
se s fv o	middle,afters
se fv m o	beginning,first
se s fv o p	middle,afters
se fv m nfv a a	beginning,first
se a fv s o nfv	middle,befores
se s fv a nfv	middle,afters
se fv s o nfv	beginning,first
se s a p fv po	middle,random
se s fv a	middle,afters
se s fv a a nfv	middle,afters
se s fv a	middle,afters
se fv s o a	beginning,first
se fv s o nfv	beginning,first
se s o fv ce fv a a	beginning,first
se s fv o om a o a te nfv	middle,afters
se s fv a o nfv nfv	middle,afters
se fv m a a s	beginning,first
se s fv o nfv	middle,afters
se s a m pc fv	end,final
se s a a a a fv po	middle,random
se s fv a nfv	middle,afters
se s fv a a a a o nfv	middle,afters
se a fv s a	middle,befores
se a fv s nfv nfv	middle,befores
se s o fv a pc	middle,random
se s fv te nfv pc	middle,afters
se fv s pc	beginning,first
se s fv a a a a o	middle,afters
se s fv a nfv nfv po m	middle,afters
se m fv o po pc	middle,random
se s fv a o	middle,afters
se a s a fv o	middle,random
se s fv o	middle,afters
se s fv a	middle,afters
se s fv a a nfv	middle,afters
se fv a po m	beginning,first
se s fv a po nfv nfv	middle,afters
se s fv a a	middle,afters
se s fv o	middle,afters
se fv s nfv	beginning,first
se a fv s a	middle,befores
se o fv s nfv	middle,befores
se s fv a o	middle,afters
se fv a nfv	beginning,first
se s fv a nfv	middle,afters
se s fv a a	middle,afters
se s fv a	middle,afters
se s fv o nfv	middle,afters
se s fv a nfv m	middle,afters