index	original	parse
0	In zijn roman De eerste Adam schreef Boeli van Leeuwen : " In de tropen schuilt de geest als de zon hoog staat " .	(ROOT (DU (SMAIN (PP (vz 0) (NP (vnw 1) (n 2) (MWU (lid 3) (tw 4) (n 5)))) (ww 6) (MWU (spec 7) (vz 8) (spec 9))) (let 10) (let 11) (SMAIN (PP (vz 12) (NP (lid 13) (n 14))) (ww 15) (NP (lid 16) (n 17)) (CP (vg 18) (SSUB (NP (lid 19) (n 20)) (adj 21) (ww 22)))) (let 23)) (let 24))
1	Ik kan me daar wel iets bij voorstellen .	(ROOT (SMAIN (vnw 0) (ww 1) (INF (vnw 2) (PP (vnw 3) (vz 6)) (bw 4) (vnw 5) (ww 7))) (let 8))
2	Daarom ben ik blij dat ik hier aan het begin van de avond voor u sta .	(ROOT (SMAIN (bw 0) (ww 1) (vnw 2) (AP (adj 3) (CP (vg 4) (SSUB (vnw 5) (vnw 6) (PP (vz 7) (NP (lid 8) (n 9) (PP (vz 10) (NP (lid 11) (n 12))))) (PP (vz 13) (vnw 14)) (ww 15))))) (let 16))
3	De geesten staan op scherp .	(ROOT (SMAIN (NP (lid 0) (n 1)) (ww 2) (MWU (vz 3) (adj 4))) (let 5))
4	En dat komt goed uit , want ik wil het vanavond met u hebben over dynamiek .	(ROOT (DU (vg 0) (CONJ (SMAIN (vnw 1) (ww 2) (adj 3) (vz 4)) (let 5) (vg 6) (SMAIN (vnw 7) (ww 8) (INF (vnw 9) (bw 10) (PP (vz 11) (vnw 12)) (ww 13) (PP (vz 14) (n 15)))))) (let 16))
5	Dynamiek in het Koninkrijk , in de samenleving en in de economie .	(ROOT (NP (n 0) (CONJ (PP (vz 1) (NP (lid 2) (n 3))) (let 4) (PP (vz 5) (NP (lid 6) (n 7))) (vg 8) (PP (vz 9) (NP (lid 10) (n 11))))) (let 12))
6	Dynamiek is een essentieel element voor een samenleving .	(ROOT (SMAIN (n 0) (ww 1) (NP (lid 2) (adj 3) (n 4) (PP (vz 5) (NP (lid 6) (n 7))))) (let 8))
7	Het zorgt voor ontwikkeling .	(ROOT (SMAIN (vnw 0) (ww 1) (PP (vz 2) (n 3))) (let 4))
8	Het stelt een samenleving in staat in te spelen op veranderingen .	(ROOT (SMAIN (vnw 0) (ww 1) (NP (lid 2) (n 3)) (AP (MWU (vz 4) (n 5)) (TI (INF (vz 6) (ww 8) (PP (vz 9) (n 10))) (vz 7)))) (let 11))
9	Dynamiek gaat hand in hand met vooruitgang en creativiteit .	(ROOT (SMAIN (n 0) (ww 1) (MWU (n 2) (vz 3) (n 4)) (PP (vz 5) (CONJ (n 6) (vg 7) (n 8)))) (let 9))
10	Dynamiek vergroot de mogelijkheden van en voor alle mensen .	(ROOT (SMAIN (n 0) (ww 1) (NP (lid 2) (n 3) (CONJ (PP (vz 4) (NP (vnw 7) (n 8))) (vg 5) (PP (vz 6))))) (let 9))
11	Dat is toch de ambitie : een betere toekomst voor iedereen in het Koninkrijk .	(ROOT (DU (SMAIN (vnw 0) (ww 1) (bw 2) (NP (lid 3) (n 4))) (let 5) (NP (lid 6) (adj 7) (n 8) (PP (vz 9) (NP (vnw 10) (PP (vz 11) (NP (lid 12) (n 13))))))) (let 14))
12	Ik zal in mijn inleiding de drie terreinen - Koninkrijk , samenleving en economie - kort langslopen en ingaan op wat in mijn ogen nodig is om de toekomst met vertrouwen tegemoet te zien .	(ROOT (SMAIN (vnw 0) (ww 1) (CONJ (INF (PP (vz 2) (NP (vnw 3) (n 4))) (NP (lid 5) (tw 6) (n 7) (let 8) (CONJ (n 9) (let 10) (n 11) (vg 12) (n 13)) (let 14)) (adj 15) (ww 16)) (vg 17) (INF (ww 18) (PP (vz 19) (WHREL (vnw 20) (SSUB (PP (vz 21) (NP (vnw 22) (n 23))) (AP (adj 24) (OTI (vz 26) (TI (INF (NP (lid 27) (n 28)) (PP (vz 29) (n 30)) (bw 31) (ww 33)) (vz 32)))) (ww 25))))))) (let 34))
13	Daarna hoor ik graag hoe u er tegen aankijkt .	(ROOT (SMAIN (bw 0) (ww 1) (vnw 2) (bw 3) (WHSUB (bw 4) (SSUB (vnw 5) (PP (vnw 6) (vz 7)) (ww 8)))) (let 9))
14	Ik begin bij het Koninkrijk der Nederlanden .	(ROOT (SMAIN (vnw 0) (ww 1) (PP (vz 2) (NP (lid 3) (MWU (n 4) (lid 5) (n 6))))) (let 7))
15	Er is momenteel veel in beweging binnen ons Koninkrijk .	(ROOT (SMAIN (vnw 0) (ww 1) (AP (adj 2) (vnw 3)) (MWU (vz 4) (n 5)) (PP (vz 6) (NP (vnw 7) (n 8)))) (let 9))
16	Bonaire , Curaçao , Sint Maarten , Sint Eustatius , Saba en Nederland hebben samen gekozen voor nieuwe staatkundige verhoudingen , waar Aruba medewerking aan verleent .	(ROOT (SMAIN (CONJ (n 0) (let 1) (n 2) (let 3) (MWU (spec 4) (spec 5)) (let 6) (MWU (spec 7) (spec 8)) (let 9) (n 10) (vg 11) (n 12)) (ww 13) (bw 14) (PPART (ww 15) (PP (vz 16) (NP (adj 17) (adj 18) (n 19) (let 20) (REL (vnw 21) (SSUB (n 22) (n 23) (PP (vz 24)) (ww 25))))))) (let 26))
17	Een vrije keuze voor een blijvend , duurzaam en intensief partnerschap .	(ROOT (NP (lid 0) (adj 1) (n 2) (PP (vz 3) (NP (lid 4) (CONJ (ww 5) (let 6) (adj 7) (vg 8) (adj 9)) (n 10)))) (let 11))
18	Zonder overdrijven kunnen we wel zeggen dat dit een historische stap is .	(ROOT (SMAIN (INF (PP (vz 0) (ww 1)) (bw 4) (ww 5) (CP (vg 6) (SSUB (vnw 7) (NP (lid 8) (adj 9) (n 10)) (ww 11)))) (ww 2) (vnw 3)) (let 12))
19	Een stap die - zeer begrijpelijk - veel dynamiek veroorzaakt .	(ROOT (NP (lid 0) (n 1) (REL (vnw 2) (SSUB (let 3) (AP (bw 4) (adj 5)) (let 6) (NP (vnw 7) (n 8)) (ww 9)))) (let 10))
20	Ik heb begrepen dat er zelfs bij het carnaval vorige week al mensen waren die anticipeerden op de nieuwe situatie .	(ROOT (SMAIN (vnw 0) (ww 1) (PPART (ww 2) (CP (vg 3) (SSUB (vnw 4) (bw 5) (PP (vz 6) (NP (lid 7) (n 8) (NP (adj 9) (n 10)))) (bw 11) (NP (n 12) (REL (vnw 14) (SSUB (ww 15) (PP (vz 16) (NP (lid 17) (adj 18) (n 19)))))) (ww 13))))) (let 20))
21	Zij dansten door de straten in kleren met aan de ene kant de Nederlandse vlag , terwijl de andere lichaamshelft was gehuld in de vlag van Curaçao .	(ROOT (SMAIN (vnw 0) (ww 1) (PP (vz 2) (NP (lid 3) (n 4))) (PP (vz 5) (NP (n 6) (PP (vz 7) (PP (vz 8) (NP (lid 9) (vnw 10) (n 11))) (NP (lid 12) (adj 13) (n 14))))) (let 15) (CP (vg 16) (SSUB (NP (lid 17) (adj 18) (n 19)) (ww 20) (PPART (ww 21) (PP (vz 22) (NP (lid 23) (n 24) (PP (vz 25) (n 26)))))))) (let 27))
22	Dat had ik wel eens willen zien !	(ROOT (SMAIN (INF (INF (vnw 0) (bw 3) (bw 4) (ww 6)) (ww 5)) (ww 1) (vnw 2)) (let 7))
23	Het staatkundige proces maakt veel los : gevoelens , maar ook de tongen .	(ROOT (DU (SMAIN (NP (lid 0) (adj 1) (n 2)) (ww 3) (AP (vnw 4) (adj 5))) (let 6) (CONJ (n 7) (let 8) (vg 9) (NP (bw 10) (lid 11) (n 12)))) (let 13))
24	Sommigen menen in ongenuanceerde bewoordingen allerlei harde kwalificaties te moeten geven .	(ROOT (SMAIN (vnw 0) (ww 1) (TI (INF (INF (PP (vz 2) (NP (adj 3) (n 4))) (NP (adj 5) (adj 6) (n 7)) (ww 10)) (ww 9)) (vz 8))) (let 11))
25	Ik betreur dat .	(ROOT (SMAIN (vnw 0) (ww 1) (vnw 2)) (let 3))
26	Het is onnodig en onproductief .	(ROOT (SMAIN (vnw 0) (ww 1) (CONJ (adj 2) (vg 3) (adj 4))) (let 5))
27	Wél productief is te investeren in elkaar , tegenstellingen te overbruggen , respect te tonen voor elkaars overtuigingen , reële problemen concreet te benoemen en te werken aan reële oplossingen .	(ROOT (SMAIN (AP (bw 0) (adj 1)) (ww 2) (CONJ (TI (vz 3) (INF (ww 4) (PP (vz 5) (vnw 6)))) (let 7) (CONJ (TI (INF (n 8) (ww 10)) (vz 9)) (let 11) (TI (INF (NP (n 12) (PP (vz 15) (NP (vnw 16) (n 17)))) (ww 14)) (vz 13)) (let 18) (TI (INF (NP (adj 19) (n 20)) (adj 21) (ww 23)) (vz 22)) (vg 24) (TI (vz 25) (INF (ww 26) (PP (vz 27) (NP (adj 28) (n 29)))))))) (let 30))
28	Het traject van staatkundige vernieuwing is een belangrijke stap naar een kansrijke toekomst van de eilanden .	(ROOT (SMAIN (NP (lid 0) (n 1) (PP (vz 2) (NP (adj 3) (n 4)))) (ww 5) (NP (lid 6) (adj 7) (n 8) (PP (vz 9) (NP (lid 10) (adj 11) (n 12) (PP (vz 13) (NP (lid 14) (n 15))))))) (let 16))
29	Zorgvuldigheid staat daarbij voorop .	(ROOT (SMAIN (n 0) (ww 1) (bw 2) (bw 3)) (let 4))
30	Er gaat veel veranderen binnen het Koninkrijk .	(ROOT (SMAIN (vnw 0) (ww 1) (NP (vnw 2) (n 3) (PP (vz 4) (NP (lid 5) (n 6))))) (let 7))
31	Het bestuurlijke plaatje wordt overzichtelijker .	(ROOT (SMAIN (NP (lid 0) (adj 1) (n 2)) (ww 3) (adj 4)) (let 5))
32	Curaçao en Sint Maarten krijgen de status van land .	(ROOT (SMAIN (CONJ (n 0) (vg 1) (MWU (spec 2) (spec 3))) (ww 4) (NP (lid 5) (n 6) (PP (vz 7) (n 8)))) (let 9))
33	Bonaire , Sint Eustatius en Saba worden een soort gemeente .	(ROOT (SMAIN (CONJ (n 0) (let 1) (MWU (spec 2) (spec 3)) (vg 4) (n 5)) (ww 6) (NP (NP (lid 7) (n 8)) (n 9))) (let 10))
34	Het land Nederlandse Antillen houdt op te bestaan .	(ROOT (SMAIN (NP (lid 0) (n 1) (MWU (adj 2) (n 3))) (ww 4) (vz 5) (TI (vz 6) (INF (ww 7)))) (let 8))
35	De huidige dubbele bestuurslaag belemmert daadkrachtig optreden .	(ROOT (SMAIN (NP (lid 0) (adj 1) (adj 2) (n 3)) (ww 4) (INF (adj 5) (ww 6))) (let 7))
36	Maatschappelijke problemen kunnen nu niet effectief worden aangepakt .	(ROOT (SMAIN (NP (adj 0) (n 1)) (ww 2) (INF (PPART (bw 3) (bw 4) (adj 5) (ww 7)) (ww 6))) (let 8))
37	En dat is wel hard nodig .	(ROOT (DU (vg 0) (SMAIN (vnw 1) (ww 2) (bw 3) (AP (adj 4) (adj 5)))) (let 6))
38	Natuurlijk beseffen we dat Curaçao , Bonaire , Sint Maarten , Sint Eustatius en Saba relatief welvarend zijn in verhouding tot andere eilanden in de regio .	(ROOT (SMAIN (adj 0) (ww 1) (vnw 2) (CP (vg 3) (SSUB (CONJ (n 4) (let 5) (n 6) (let 7) (MWU (spec 8) (spec 9)) (let 10) (MWU (spec 11) (spec 12)) (vg 13) (n 14)) (AP (adj 15) (adj 16)) (ww 17) (PP (vz 18) (NP (n 19) (PP (vz 20) (NP (adj 21) (n 22) (PP (vz 23) (NP (lid 24) (n 25)))))))))) (let 26))
39	Maar we mogen de problemen waar burgers mee te maken hebben niet onderschatten .	(ROOT (DU (vg 0) (SMAIN (vnw 1) (ww 2) (INF (NP (lid 3) (n 4) (REL (vnw 5) (SSUB (n 6) (PP (vz 7)) (TI (vz 8) (ww 9)) (ww 10)))) (bw 11) (ww 12)))) (let 13))
40	Er heerst armoede . De jeugdwerkloosheid is erg hoog .	(ROOT (DU (SMAIN (vnw 0) (ww 1) (n 2)) (let 3) (SMAIN (NP (lid 4) (n 5)) (ww 6) (AP (adj 7) (adj 8)))) (let 9))
41	De georganiseerde criminaliteit lijkt vaste grond onder de voeten te hebben en ook in het onderwijs en de gezondheidszorg lopen zaken niet goed .	(ROOT (CONJ (SMAIN (NP (lid 0) (ww 1) (n 2)) (ww 3) (TI (INF (NP (adj 4) (n 5)) (MWU (vz 6) (lid 7) (n 8)) (ww 10)) (vz 9))) (vg 11) (SMAIN (PP (bw 12) (vz 13) (CONJ (NP (lid 14) (n 15)) (vg 16) (NP (lid 17) (n 18)))) (ww 19) (n 20) (bw 21) (adj 22))) (let 23))
42	Het moet en kan beter .	(ROOT (CONJ (SMAIN (vnw 0) (ww 1)) (vg 2) (SV1 (ww 3) (adj 4))) (let 5))
43	Stevig investeren in welzijn en ontwikkeling is noodzakelijk .	(ROOT (SMAIN (NP (adj 0) (ww 1) (PP (vz 2) (CONJ (n 3) (vg 4) (n 5)))) (ww 6) (adj 7)) (let 8))
44	Het belang van de burgers staat voorop . Ook bij de discussie over de nieuwe staatkundige verhoudingen .	(ROOT (DU (SMAIN (NP (lid 0) (n 1) (PP (vz 2) (NP (lid 3) (n 4)))) (ww 5) (bw 6)) (let 7) (PP (bw 8) (vz 9) (NP (lid 10) (n 11) (PP (vz 12) (NP (lid 13) (adj 14) (adj 15) (n 16)))))) (let 17))
45	Structuren en bevoegdheden zijn een middel , zeker geen doel op zich . Het doel is een samenleving waar welvaart , welzijn en respect de boventoon voeren .	(ROOT (DU (SMAIN (CONJ (n 0) (vg 1) (n 2)) (ww 3) (NP (lid 4) (n 5)) (let 6) (adj 7) (NP (vnw 8) (n 9) (PP (vz 10) (vnw 11)))) (let 12) (SMAIN (NP (lid 13) (n 14)) (ww 15) (NP (lid 16) (n 17) (REL (vnw 18) (SSUB (CONJ (n 19) (let 20) (n 21) (vg 22) (n 23)) (NP (lid 24) (n 25)) (ww 26)))))) (let 27))
46	Een samenleving die mensen de kans biedt het beste uit zichzelf te halen .	(ROOT (NP (lid 0) (n 1) (REL (vnw 2) (SSUB (n 3) (NP (lid 4) (n 5) (TI (INF (NP (lid 7) (adj 8)) (PP (vz 9) (vnw 10)) (ww 12)) (vz 11))) (ww 6)))) (let 13))
47	Een samenleving die maatschappelijke problemen concreet aanpakt .	(ROOT (NP (lid 0) (n 1) (REL (vnw 2) (SSUB (NP (adj 3) (n 4)) (adj 5) (ww 6)))) (let 7))
48	We leven in een geglobaliseerde wereld .	(ROOT (SMAIN (vnw 0) (ww 1) (PP (vz 2) (NP (lid 3) (ww 4) (n 5)))) (let 6))
49	De wereld is kleiner , gecompliceerder en meer vervlochten dan ooit .	(ROOT (SMAIN (NP (lid 0) (n 1)) (ww 2) (CONJ (adj 3) (let 4) (adj 5) (vg 6) (NP (AP (vnw 7) (CP (vg 9) (bw 10))) (n 8)))) (let 11))
50	Kijk bijvoorbeeld hoe de Amerikaanse kredietcrisis ook de economische en financiële situatie in Europa en Azië beïnvloedt .	(ROOT (SV1 (ww 0) (bw 1) (WHSUB (bw 2) (SSUB (NP (lid 3) (adj 4) (n 5)) (bw 6) (NP (lid 7) (CONJ (adj 8) (vg 9) (adj 10)) (n 11) (PP (vz 12) (CONJ (n 13) (vg 14) (n 15)))) (ww 16)))) (let 17))
51	Herman Tjeenk Willink , de vice-president van de Raad van State , zegt hierover het volgende : " De onderlinge afhankelijkheid van landen en volkeren is toegenomen .	(ROOT (DU (SMAIN (NP (MWU (spec 0) (spec 1) (spec 2)) (let 3) (NP (lid 4) (n 5) (PP (vz 6) (NP (lid 7) (MWU (n 8) (vz 9) (n 10)))))) (let 11) (ww 12) (bw 13) (NP (lid 14) (ww 15))) (let 16) (let 17) (SMAIN (NP (lid 18) (adj 19) (n 20) (PP (vz 21) (CONJ (n 22) (vg 23) (n 24)))) (ww 25) (PPART (ww 26)))) (let 27))
52	Complexe vraagstukken op het gebied van economie , milieu , mensenrechten , rechtshandhaving en terrorisme maken het voor grote en kleine staten onontkoombaar intensiever samen te werken .	(ROOT (SMAIN (NP (adj 0) (n 1) (PP (MWU (vz 2) (lid 3) (n 4) (vz 5)) (CONJ (n 6) (let 7) (n 8) (let 9) (n 10) (let 11) (n 12) (vg 13) (n 14)))) (ww 15) (vnw 16) (PP (vz 17) (NP (CONJ (adj 18) (vg 19) (adj 20)) (n 21))) (adj 22) (TI (INF (adj 23) (bw 24) (ww 26)) (vz 25))) (let 27))
53	Dat gezamenlijk optrekken draagt het meeste bij aan een betere bescherming van collectieve belangen en individuele vrijheden .	(ROOT (SMAIN (NP (vnw 0) (adj 1) (ww 2)) (ww 3) (MWU (lid 4) (vnw 5)) (vz 6) (PP (vz 7) (NP (lid 8) (adj 9) (n 10) (PP (vz 11) (CONJ (NP (adj 12) (n 13)) (vg 14) (NP (adj 15) (n 16))))))) (let 17))
54	Geen land ter wereld is meer autonoom ; geen land ter wereld kan zich meer alleen zelf redden .	(ROOT (DU (SMAIN (NP (vnw 0) (n 1) (PP (vz 2) (n 3))) (ww 4) (AP (vnw 5) (adj 6))) (let 7) (SMAIN (NP (vnw 8) (n 9) (PP (vz 10) (n 11))) (ww 12) (INF (vnw 13) (vnw 14) (bw 15) (ww 17)) (bw 16))) (let 18))
55	Zoals de Europese Unie elk van de lidstaten sterker maakt in de wereld , zo kan het Koninkrijk elk land en eiland sterker doen staan in onze dynamische wereld .	(ROOT (DU (CP (vg 0) (SSUB (NP (lid 1) (MWU (adj 2) (n 3))) (NP (vnw 4) (PP (vz 5) (NP (lid 6) (n 7)))) (adj 8) (ww 9) (PP (vz 10) (NP (lid 11) (n 12))))) (let 13) (SMAIN (INF (bw 14) (CONJ (NP (vnw 18) (n 19) (PP (vz 25) (NP (vnw 26) (adj 27) (n 28)))) (vg 20) (NP (n 21))) (adj 22) (ww 23) (ww 24)) (ww 15) (NP (lid 16) (n 17)))) (let 29))
56	Daarom is het goed dat we elkaar in het Koninkrijk vasthouden .	(ROOT (SMAIN (bw 0) (ww 1) (vnw 2) (adj 3) (CP (vg 4) (SSUB (vnw 5) (vnw 6) (PP (vz 7) (NP (lid 8) (n 9))) (ww 10)))) (let 11))
57	En dat is - hoe verschillend we ook mogen zijn - ook om andere redenen logisch .	(ROOT (DU (vg 0) (SMAIN (vnw 1) (ww 2) (let 3) (WHREL (AP (bw 4) (adj 5)) (SSUB (vnw 6) (INF (bw 7) (ww 9)) (ww 8))) (let 10) (PP (bw 11) (vz 12) (NP (adj 13) (n 14))) (adj 15))) (let 16))
58	We zijn op veel terreinen verbonden .	(ROOT (SMAIN (vnw 0) (ww 1) (PPART (PP (vz 2) (NP (vnw 3) (n 4))) (ww 5))) (let 6))
59	Natuurlijk door onze geschiedenis .	(ROOT (DU (adj 0) (PP (vz 1) (NP (vnw 2) (n 3)))) (let 4))
60	Maar ook bestuurlijk .	(ROOT (DU (vg 0) (AP (bw 1) (adj 2))) (let 3))
61	We delen een Statuut , een staatshoofd en belangrijke waarden als democratie , mensenrechten , rechtsgelijkheid en rechtszekerheid .	(ROOT (SMAIN (vnw 0) (ww 1) (CONJ (NP (lid 2) (n 3)) (let 4) (NP (lid 5) (n 6)) (vg 7) (NP (adj 8) (n 9) (CP (vg 10) (CONJ (n 11) (let 12) (n 13) (let 14) (n 15) (vg 16) (n 17)))))) (let 18))
62	Maar we zijn ook cultureel sterk vervlochten .	(ROOT (DU (vg 0) (SMAIN (vnw 1) (ww 2) (bw 3) (PPART (AP (adj 4) (adj 5)) (ww 6)))) (let 7))
63	Door de taal , door de literatuur , door Koninginnedag , door de uitwisseling van studenten over en weer .	(ROOT (PP (vz 0) (NP (lid 1) (n 2) (let 3) (PP (vz 4) (NP (lid 5) (n 6))) (let 7) (PP (vz 8) (n 9)) (let 10) (PP (vz 11) (NP (lid 12) (n 13) (PP (vz 14) (NP (n 15) (CONJ (vz 16) (vg 17) (bw 18)))))))) (let 19))
64	Voor het Caribische deel , vormt het Koninkrijk de toegangspoort tot de economie van Europa .	(ROOT (SMAIN (PP (vz 0) (NP (lid 1) (adj 2) (n 3))) (let 4) (ww 5) (NP (lid 6) (n 7)) (NP (lid 8) (n 9) (PP (vz 10) (NP (lid 11) (n 12) (PP (vz 13) (n 14)))))) (let 15))
65	Voor Nederland is het Koninkrijk de springplank naar Zuid- en Midden-Amerika .	(ROOT (SMAIN (PP (vz 0) (n 1)) (ww 2) (NP (lid 3) (n 4)) (NP (lid 5) (n 6) (PP (vz 7) (CONJ (spec 8) (vg 9) (n 10))))) (let 11))
66	We versterken elkaars economische potentieel . Nu al , maar we kunnen dat in de toekomst verder uitbouwen .	(ROOT (DU (SMAIN (vnw 0) (ww 1) (NP (vnw 2) (adj 3) (n 4))) (let 5) (CONJ (ADVP (bw 6) (bw 7)) (let 8) (vg 9) (SMAIN (vnw 10) (ww 11) (INF (vnw 12) (PP (vz 13) (NP (lid 14) (n 15))) (bw 16) (ww 17))))) (let 18))
67	Op 7 december 1942 sprak Koningin Wilhelmina vanuit Londen via Radio Oranje de bevolking toe .	(ROOT (SMAIN (PP (vz 0) (MWU (tw 1) (n 2) (tw 3))) (ww 4) (NP (n 5) (n 6)) (PP (vz 7) (n 8)) (PP (vz 9) (MWU (spec 10) (spec 11))) (NP (lid 12) (n 13)) (vz 14)) (let 15))
68	Over de toekomstige verhoudingen binnen het Koninkrijk zei ze toen : " steunend op eigen kracht , doch met den wil elkander bij te staan " .	(ROOT (DU (SMAIN (PP (vz 0) (NP (lid 1) (adj 2) (n 3) (PP (vz 4) (NP (lid 5) (n 6))))) (ww 7) (vnw 8) (bw 9)) (let 10) (DU (let 11) (CONJ (PPRES (ww 12) (PP (vz 13) (NP (adj 14) (n 15)))) (let 16) (vg 17) (PP (vz 18) (NP (lid 19) (n 20) (TI (INF (vnw 21) (vz 22) (ww 24)) (vz 23))))) (let 25))) (let 26))
69	Woorden die terug te zien zijn op het Autonomiemonument hier op Curacao .	(ROOT (NP (n 0) (REL (vnw 1) (SSUB (PP (bw 2) (TI (vz 3) (ww 4))) (ww 5) (PP (vz 6) (NP (lid 7) (n 8) (ADVP (vnw 9) (PP (vz 10) (n 11)))))))) (let 12))
70	Woorden die in deze tijd niets aan kracht hebben ingeboet .	(ROOT (NP (n 0) (REL (vnw 1) (SSUB (PPART (PP (vz 2) (NP (vnw 3) (n 4))) (PP (vz 6) (n 7)) (ww 9)) (vnw 5) (ww 8)))) (let 10))
71	Het lijkt me een heldere opdracht .	(ROOT (SMAIN (vnw 0) (ww 1) (vnw 2) (NP (lid 3) (adj 4) (n 5))) (let 6))
72	Ik kom bij het tweede deel van mijn betoog .	(ROOT (SMAIN (vnw 0) (ww 1) (PP (vz 2) (NP (lid 3) (tw 4) (n 5) (PP (vz 6) (NP (vnw 7) (n 8)))))) (let 9))
73	Ik geloof zeer sterk dat de kracht van een samenleving bij de maatschappelijke verbanden ligt .	(ROOT (SMAIN (vnw 0) (ww 1) (AP (bw 2) (adj 3)) (CP (vg 4) (SSUB (NP (lid 5) (n 6) (PP (vz 7) (NP (lid 8) (n 9)))) (PP (vz 10) (NP (lid 11) (adj 12) (n 13))) (ww 14)))) (let 15))
74	Er is meer dan markt en overheid .	(ROOT (SMAIN (vnw 0) (ww 1) (NP (vnw 2) (CP (vg 3) (CONJ (n 4) (vg 5) (n 6))))) (let 7))
75	De zogenoemde civil society speelt een belangrijke rol bij het vergroten van de leefbaarheid in een buurt of wijk .	(ROOT (SMAIN (NP (lid 0) (adj 1) (MWU (spec 2) (spec 3))) (ww 4) (NP (lid 5) (adj 6) (n 7)) (PP (vz 8) (NP (lid 9) (ww 10) (PP (vz 11) (NP (lid 12) (n 13) (PP (vz 14) (CONJ (NP (lid 15) (n 16)) (vg 17) (NP (n 18))))))))) (let 19))
76	Bij het creëren van binding in een samenleving .	(ROOT (PP (vz 0) (NP (lid 1) (ww 2) (PP (vz 3) (n 4)) (PP (vz 5) (NP (lid 6) (n 7))))) (let 8))
77	En bij het bevorderen van welzijn bij mensen .	(ROOT (DU (vg 0) (PP (vz 1) (NP (lid 2) (ww 3) (PP (vz 4) (n 5)) (PP (vz 6) (n 7))))) (let 8))
78	Een overheid doet er daarom verstandig aan ruimte te geven aan maatschappelijke initiatieven en deze zo nodig te ondersteunen .	(ROOT (SMAIN (NP (lid 0) (n 1)) (ww 2) (PP (vnw 3) (vz 6)) (bw 4) (adj 5) (CONJ (TI (INF (n 7) (ww 9) (PP (vz 10) (NP (adj 11) (n 12)))) (vz 8)) (vg 13) (TI (INF (vnw 14) (AP (bw 15) (adj 16)) (ww 18)) (vz 17)))) (let 19))
79	Ook hier op de Antillen is verdere ontplooiing van de dynamiek in een samenleving een belangrijk element voor een succesvolle toekomst .	(ROOT (SMAIN (ADVP (bw 0) (vnw 1) (PP (vz 2) (NP (lid 3) (n 4)))) (ww 5) (NP (adj 6) (n 7) (PP (vz 8) (NP (lid 9) (n 10) (PP (vz 11) (NP (lid 12) (n 13)))))) (NP (lid 14) (adj 15) (n 16) (PP (vz 17) (NP (lid 18) (adj 19) (n 20))))) (let 21))
80	Ontloop als bestuurder niet je verantwoordelijkheid om de juiste beslissingen te nemen in het algemeen belang .	(ROOT (SV1 (ww 0) (CP (vz 1) (n 2)) (bw 3) (NP (vnw 4) (n 5) (OTI (vz 6) (TI (INF (NP (lid 7) (adj 8) (n 9) (PP (vz 12) (NP (lid 13) (adj 14) (n 15)))) (ww 11)) (vz 10))))) (let 16))
81	Maar laat ook burgers zich committeren aan het verbeteren van hun eigen leefomstandigheden .	(ROOT (DU (vg 0) (SV1 (ww 1) (bw 2) (n 3) (INF (vnw 4) (ww 5) (PP (vz 6) (NP (lid 7) (ww 8) (PP (vz 9) (NP (vnw 10) (adj 11) (n 12)))))))) (let 13))
82	Ik sprak al eerder over de maatschappelijke problemen waar de eilanden mee kampen .	(ROOT (SMAIN (vnw 0) (ww 1) (AP (bw 2) (adj 3)) (PP (vz 4) (NP (lid 5) (adj 6) (n 7) (REL (vnw 8) (SSUB (NP (lid 9) (n 10)) (PP (vz 11)) (ww 12)))))) (let 13))
83	Natuurlijk is er een voorname rol voor de overheid weggelegd bij het oplossen daarvan .	(ROOT (SMAIN (PPART (adj 0) (vnw 2) (ww 9) (PP (vz 10) (NP (lid 11) (ww 12) (bw 13)))) (ww 1) (NP (lid 3) (adj 4) (n 5) (PP (vz 6) (NP (lid 7) (n 8))))) (let 14))
84	Natuurlijk moeten we investeren in onderwijs om jongeren de kans te geven hun dromen waar te maken .	(ROOT (SMAIN (INF (adj 0) (ww 3) (PP (vz 4) (n 5)) (OTI (vz 6) (TI (INF (adj 7) (NP (lid 8) (n 9) (TI (INF (NP (vnw 12) (n 13)) (adj 14) (ww 16)) (vz 15))) (ww 11)) (vz 10)))) (ww 1) (vnw 2)) (let 17))
85	Natuurlijk moeten we de armoede structureel aanpakken en de criminaliteit terugdringen .	(ROOT (SMAIN (CONJ (INF (adj 0) (NP (lid 3) (n 4)) (adj 5) (ww 6)) (vg 7) (INF (NP (lid 8) (n 9)) (ww 10))) (ww 1) (vnw 2)) (let 11))
86	Maar ook burgers en maatschappelijke organisaties kunnen een cruciale rol van betekenis spelen .	(ROOT (DU (vg 0) (SMAIN (CONJ (NP (bw 1) (n 2)) (vg 3) (NP (adj 4) (n 5))) (ww 6) (INF (NP (lid 7) (adj 8) (n 9) (PP (vz 10) (n 11))) (ww 12)))) (let 13))
87	Hier op Curaçao zijn er genoeg hoopgevende en inspirerende acties van burgers .	(ROOT (SMAIN (ADVP (vnw 0) (PP (vz 1) (n 2))) (ww 3) (vnw 4) (NP (bw 5) (CONJ (adj 6) (vg 7) (ww 8)) (n 9) (PP (vz 10) (n 11)))) (let 12))
88	Zoals in Seru Fortuna , één van de meest arme wijken .	(ROOT (CP (vg 0) (PP (vz 1) (NP (MWU (spec 2) (spec 3)) (let 4) (NP (tw 5) (PP (vz 6) (NP (lid 7) (AP (vnw 8) (adj 9)) (n 10))))))) (let 11))
89	Het schoolhoofd van het Kolegio Dodo Palm is jaren geleden begonnen met het aanbieden van een ontbijt en later ook een warme maaltijd aan schoolkinderen .	(ROOT (SMAIN (NP (lid 0) (n 1) (PP (vz 2) (NP (lid 3) (MWU (spec 4) (spec 5) (spec 6))))) (ww 7) (PPART (AP (n 8) (bw 9)) (ww 10) (PP (vz 11) (NP (lid 12) (ww 13) (PP (vz 14) (CONJ (NP (lid 15) (n 16)) (vg 17) (NP (adj 18) (bw 19) (lid 20) (adj 21) (n 22) (PP (vz 23) (n 24))))))))) (let 25))
90	De schooluitval is hierdoor gereduceerd en de leerprestaties verhoogd .	(ROOT (CONJ (SMAIN (NP (lid 0) (n 1)) (ww 2) (PPART (bw 3) (ww 4))) (vg 5) (SMAIN (NP (lid 6) (n 7)) (PPART (ww 8)))) (let 9))
91	Het Avila Beach Hotel heeft destijds ook zijn diensten aangeboden . In hun keuken zijn de moeders getraind om voor grote groepen mensen te koken .	(ROOT (DU (SMAIN (NP (lid 0) (MWU (spec 1) (spec 2) (spec 3))) (ww 4) (PPART (adj 5) (bw 6) (NP (vnw 7) (n 8)) (ww 9))) (let 10) (SMAIN (PPART (PP (vz 11) (NP (vnw 12) (n 13))) (ww 17) (OTI (vz 18) (TI (INF (PP (vz 19) (NP (adj 20) (n 21) (n 22))) (ww 24)) (vz 23)))) (ww 14) (NP (lid 15) (n 16)))) (let 25))
92	Een mooi voorbeeld van maatschappelijk verantwoord ondernemen !	(ROOT (NP (lid 0) (adj 1) (n 2) (PP (vz 3) (NP (adj 4) (ww 5) (n 6)))) (let 7))
93	Een ander voorbeeld is de rol die burgers en vrijwilligers spelen bij de sportieve vorming van jongeren op Curaçao . Veel leerkrachten en ouders zetten zich hier na school- en werktijd belangeloos voor in . De nadruk ligt vooral bij de sporten softbal en honkbal .	(ROOT (DU (SMAIN (NP (lid 0) (adj 1) (n 2)) (ww 3) (NP (lid 4) (n 5) (REL (vnw 6) (SSUB (CONJ (n 7) (vg 8) (n 9)) (ww 10) (PP (vz 11) (NP (lid 12) (adj 13) (n 14) (PP (vz 15) (NP (adj 16) (PP (vz 17) (n 18)))))))))) (let 19) (SMAIN (CONJ (NP (vnw 20) (n 21)) (vg 22) (NP (n 23))) (ww 24) (vnw 25) (PP (vnw 26) (vz 32)) (PP (vz 27) (CONJ (spec 28) (vg 29) (n 30))) (adj 31) (vz 33)) (let 34) (SMAIN (NP (lid 35) (n 36)) (ww 37) (bw 38) (PP (vz 39) (NP (lid 40) (n 41) (CONJ (n 42) (vg 43) (n 44)))))) (let 45))
94	Het komt niet zelden voor dat de vrijwilligers uit eigen zak eten voor de jongeren kopen . Dergelijke sociale betrokkenheid is van onschatbare waarde .	(ROOT (DU (SMAIN (vnw 0) (ww 1) (bw 2) (bw 3) (vz 4) (CP (vg 5) (SSUB (NP (lid 6) (n 7) (PP (vz 8) (NP (adj 9) (n 10)))) (NP (n 11) (PP (vz 12) (NP (lid 13) (adj 14)))) (ww 15)))) (let 16) (SMAIN (NP (adj 17) (adj 18) (n 19)) (ww 20) (PP (vz 21) (NP (adj 22) (n 23))))) (let 24))
95	Sportief werpt de inzet van al deze mensen ook zijn vruchten af .	(ROOT (SMAIN (adj 0) (ww 1) (NP (lid 2) (n 3) (PP (vz 4) (NP (DETP (vnw 5) (vnw 6)) (n 7)))) (bw 8) (NP (vnw 9) (n 10)) (vz 11)) (let 12))
96	Curaçao brengt topspelers voort die op internationaal niveau meespelen , zie Andruw Jones en Hensley Meulens .	(ROOT (DU (SMAIN (n 0) (ww 1) (NP (n 2) (REL (vnw 4) (SSUB (PP (vz 5) (NP (adj 6) (n 7))) (ww 8)))) (bw 3)) (let 9) (SV1 (ww 10) (CONJ (MWU (spec 11) (spec 12)) (vg 13) (MWU (spec 14) (spec 15))))) (let 16))
97	Beide voorbeelden laten zien hoe mensen hun maatschappelijke verantwoordelijkheid kunnen nemen .	(ROOT (SMAIN (NP (vnw 0) (n 1)) (ww 2) (INF (ww 3) (WHSUB (bw 4) (SSUB (n 5) (INF (NP (vnw 6) (adj 7) (n 8)) (ww 10)) (ww 9))))) (let 11))
98	Mensen die zich vaak belangeloos willen inzetten voor een ander .	(ROOT (SMAIN (NP (n 0) (REL (vnw 1) (SSUB (vnw 2) (AP (adj 3) (adj 4)) (ww 5)))) (ww 6) (PP (vz 7) (NP (lid 8) (adj 9)))) (let 10))
99	En die op deze manier de samenleving een stukje beter maken .	(ROOT (DU (vg 0) (REL (vnw 1) (SSUB (PP (vz 2) (NP (vnw 3) (n 4))) (NP (lid 5) (n 6)) (AP (NP (lid 7) (n 8)) (adj 9)) (ww 10)))) (let 11))
100	Ik heb daar groot respect en waardering voor .	(ROOT (SMAIN (vnw 0) (ww 1) (PP (vnw 2) (vz 7)) (NP (adj 3) (CONJ (n 4) (vg 5) (n 6)))) (let 8))
101	Dit soort initiatieven van actief burgerschap kan wat mij betreft niet genoeg navolging krijgen .	(ROOT (SMAIN (NP (NP (vnw 0) (n 1)) (n 2) (PP (vz 3) (NP (adj 4) (n 5)))) (ww 6) (INF (WHREL (vnw 7) (SSUB (vnw 8) (ww 9))) (bw 10) (NP (bw 11) (n 12)) (ww 13))) (let 14))
102	Ik kom bij het laatste deel van mijn inleiding : het belang van economische dynamiek .	(ROOT (SMAIN (vnw 0) (ww 1) (PP (vz 2) (NP (lid 3) (adj 4) (n 5) (PP (vz 6) (NP (vnw 7) (n 8))) (let 9) (NP (lid 10) (n 11) (PP (vz 12) (NP (adj 13) (n 14))))))) (let 15))
103	Benjamin Friedman spreekt daarover in zijn boek ' The moral consequences of economic growth ' .	(ROOT (SMAIN (MWU (spec 0) (spec 1)) (ww 2) (bw 3) (PP (vz 4) (NP (vnw 5) (n 6) (let 7) (MWU (spec 8) (spec 9) (spec 10) (spec 11) (spec 12) (spec 13)) (let 14)))) (let 15))
104	Hij toont het verband aan tussen aan de ene kant economische groei en dynamiek en aan de andere kant tolerantie , versterking van democratische waarden en socialer beleid .	(ROOT (CONJ (SMAIN (vnw 0) (ww 1) (NP (lid 2) (n 3) (PP (vz 5) (CONJ (NP (PP (vz 6) (NP (lid 7) (vnw 8) (n 9))) (adj 10) (n 11)) (vg 12) (NP (n 13))))) (vz 4)) (vg 14) (SMAIN (PP (vz 15) (NP (lid 16) (adj 17) (n 18))) (CONJ (n 19) (let 20) (NP (n 21) (PP (vz 22) (NP (adj 23) (n 24)))) (vg 25) (NP (adj 26) (n 27))))) (let 28))
105	Alle reden dus om economische dynamiek te bevorderen .	(ROOT (NP (vnw 0) (n 1) (bw 2) (OTI (vz 3) (TI (INF (NP (adj 4) (n 5)) (ww 7)) (vz 6)))) (let 8))
106	Hiervoor zijn een aantal zaken cruciaal : solide overheidsfinanciën en een beleid gericht op economische groei .	(ROOT (DU (SMAIN (bw 0) (ww 1) (NP (lid 2) (n 3) (n 4)) (adj 5)) (let 6) (CONJ (NP (adj 7) (n 8)) (vg 9) (NP (lid 10) (n 11) (PPART (ww 12) (PP (vz 13) (NP (adj 14) (n 15))))))) (let 16))
107	Te denken valt dan aan het vergroten van de arbeidsproductiviteit , het terugdwingen van de jeugdwerkloosheid , het creëren van een aantrekkelijk investeringsklimaat en het verbeteren van het onderwijs .	(ROOT (SMAIN (PP (vz 0) (n 1)) (ww 2) (bw 3) (PP (vz 4) (CONJ (NP (lid 5) (ww 6) (PP (vz 7) (NP (lid 8) (n 9)))) (let 10) (NP (lid 11) (ww 12) (PP (vz 13) (NP (lid 14) (n 15)))) (let 16) (NP (lid 17) (ww 18) (PP (vz 19) (NP (lid 20) (adj 21) (n 22)))) (vg 23) (NP (lid 24) (ww 25) (PP (vz 26) (NP (lid 27) (n 28))))))) (let 29))
108	Maar een belangrijke voorwaarde voor economische dynamiek is ook good governance , goed bestuur .	(ROOT (DU (vg 0) (SMAIN (NP (lid 1) (adj 2) (n 3) (PP (vz 4) (NP (adj 5) (n 6)))) (ww 7) (bw 8) (NP (MWU (spec 9) (spec 10)) (let 11) (NP (adj 12) (n 13))))) (let 14))
109	In de economie draait het in belangrijke mate om vertrouwen en voorspelbaarheid .	(ROOT (SMAIN (PP (vz 0) (NP (lid 1) (n 2))) (ww 3) (vnw 4) (PP (vz 5) (NP (adj 6) (n 7))) (PP (vz 8) (CONJ (n 9) (vg 10) (n 11)))) (let 12))
110	Het is aan de overheid om hiervoor de randvoorwaarden te creëren .	(ROOT (SMAIN (vnw 0) (ww 1) (PP (vz 2) (NP (lid 3) (n 4))) (OTI (vz 5) (TI (INF (bw 6) (NP (lid 7) (n 8)) (ww 10)) (vz 9)))) (let 11))
111	Dat stelt ook eisen aan het functioneren van de overheid zelf .	(ROOT (SMAIN (vnw 0) (ww 1) (INF (bw 2) (ww 3) (PP (vz 4) (NP (lid 5) (ww 6) (PP (vz 7) (NP (lid 8) (n 9) (bw 10))))))) (let 11))
112	Transparantie en het handhaven van regels zijn factoren die het investeringsklimaat meebepalen .	(ROOT (SMAIN (CONJ (n 0) (vg 1) (NP (lid 2) (ww 3) (PP (vz 4) (n 5)))) (ww 6) (NP (n 7) (REL (vnw 8) (SSUB (NP (lid 9) (n 10)) (ww 11))))) (let 12))
113	Het begrip goed bestuur staat niet volledig open voor eigen interpretatie .	(ROOT (SMAIN (NP (lid 0) (n 1) (NP (adj 2) (n 3))) (ww 4) (bw 5) (AP (adj 6) (adj 7)) (PP (vz 8) (NP (adj 9) (n 10)))) (let 11))
114	In ons Koninkrijk hebben we met elkaar een aantal criteria afgesproken wat betreft de deugdelijkheid van het openbaar bestuur .	(ROOT (SMAIN (PPART (PP (vz 0) (NP (vnw 1) (n 2))) (PP (vz 5) (vnw 6)) (NP (lid 7) (n 8) (n 9) (PP (MWU (vnw 11) (ww 12)) (NP (lid 13) (n 14) (PP (vz 15) (NP (lid 16) (adj 17) (n 18)))))) (ww 10)) (ww 3) (vnw 4)) (let 19))
115	In het Statuut is vastgelegd dat het Koninkrijk daar borg voor staat .	(ROOT (SMAIN (PPART (PP (vz 0) (NP (lid 1) (n 2))) (ww 4) (CP (vg 5) (SSUB (NP (lid 6) (n 7)) (PP (vnw 8) (vz 10)) (n 9) (ww 11)))) (ww 3)) (let 12))
116	Zaken die wat mij betreft ononderhandelbaar zijn : democratie , respect voor de rule of law , checks and balances , transparantie en het bestrijden van corruptie .	(ROOT (DU (NP (n 0) (REL (vnw 1) (SSUB (WHREL (vnw 2) (SSUB (vnw 3) (ww 4))) (adj 5) (ww 6)))) (let 7) (CONJ (n 8) (let 9) (NP (n 10) (PP (vz 11) (NP (lid 12) (MWU (spec 13) (spec 14) (spec 15)))) (let 16) (MWU (spec 17) (spec 18) (spec 19))) (let 20) (n 21) (vg 22) (NP (lid 23) (ww 24) (PP (vz 25) (n 26))))) (let 27))
117	Corruptie neemt economische dynamiek de wind uit de zeilen . Terwijl we er juist voor moeten zorgen dat het alle partners in het Koninkrijk economisch voor de wind gaat .	(ROOT (DU (SMAIN (n 0) (ww 1) (NP (adj 2) (n 3)) (NP (lid 4) (n 5) (PP (vz 6) (NP (lid 7) (n 8))))) (let 9) (CP (vg 10) (SSUB (vnw 11) (INF (PP (vnw 12) (vz 14)) (bw 13) (ww 16) (CP (vg 17) (SSUB (vnw 18) (NP (vnw 19) (n 20) (PP (vz 21) (NP (lid 22) (n 23)))) (adj 24) (MWU (vz 25) (lid 26) (n 27)) (ww 28)))) (ww 15)))) (let 29))
118	Daarom hechten we in het Koninkrijk zo sterk aan goed bestuur .	(ROOT (SMAIN (bw 0) (ww 1) (vnw 2) (PP (vz 3) (NP (lid 4) (n 5))) (AP (bw 6) (adj 7) (PP (vz 8) (NP (adj 9) (n 10))))) (let 11))
119	Goed bestuur maakt het ons mogelijk effectief beleid te voeren ten aanzien van economische hervormingen , armoedebestrijding , het terugdringen van criminaliteit .	(ROOT (SMAIN (NP (adj 0) (n 1)) (ww 2) (vnw 3) (vnw 4) (adj 5) (TI (INF (NP (adj 6) (n 7)) (ww 9) (PP (MWU (vz 10) (n 11) (vz 12)) (CONJ (NP (adj 13) (n 14)) (let 15) (n 16) (let 17) (NP (lid 18) (ww 19) (PP (vz 20) (n 21)))))) (vz 8))) (let 22))
120	Goed bestuur vergroot duurzaam de levensstandaard van burgers .	(ROOT (SMAIN (NP (adj 0) (n 1)) (ww 2) (adj 3) (NP (lid 4) (n 5) (PP (vz 6) (n 7)))) (let 8))
121	Ik rond af met u even mee terug in de tijd te nemen naar het eind van de 18e eeuw .	(ROOT (SMAIN (vnw 0) (ww 1) (vz 2) (PP (vz 3) (vnw 4)) (bw 5) (vz 6) (TI (INF (bw 7) (PP (vz 8) (NP (lid 9) (n 10) (PP (vz 13) (NP (lid 14) (n 15) (PP (vz 16) (NP (lid 17) (tw 18) (n 19))))))) (ww 12)) (vz 11))) (let 20))
122	Het kleine Sint Eustatius schrijft geschiedenis . Niet alleen door in 1776 als eerste de nieuwe Verenigde Staten van Amerika met maar liefst 13 saluutschoten te erkennen .	(ROOT (SMAIN (NP (lid 0) (adj 1) (MWU (spec 2) (spec 3))) (ww 4) (NP (n 5) (let 6) (AP (bw 7) (bw 8))) (vz 9) (PP (vz 10) (tw 11)) (TI (INF (CP (vz 12) (tw 13)) (NP (lid 14) (adj 15) (MWU (ww 16) (n 17)) (PP (vz 18) (n 19)) (PP (vz 20) (NP (MWU (bw 21) (bw 22)) (tw 23) (n 24)))) (ww 26)) (vz 25))) (let 27))
123	Maar ook door op het gebied van internationale handel een absolute wereldspeler te zijn .	(ROOT (DU (vg 0) (DU (bw 1) (CP (vz 2) (TI (INF (PP (MWU (vz 3) (lid 4) (n 5) (vz 6)) (NP (adj 7) (n 8))) (NP (lid 9) (adj 10) (n 11)) (ww 13)) (vz 12))))) (let 14))
124	Sint Eustatius weet optimaal gebruik te maken van zijn gunstige ligging en goede haven . In het topjaar 1779 liepen 3.551 schepen de haven binnen .	(ROOT (DU (SMAIN (MWU (spec 0) (spec 1)) (ww 2) (TI (INF (adj 3) (n 4) (ww 6) (PP (vz 7) (CONJ (NP (vnw 8) (adj 9) (n 10)) (vg 11) (NP (adj 12) (n 13))))) (vz 5))) (let 14) (SMAIN (PP (vz 15) (NP (lid 16) (n 17) (tw 18))) (ww 19) (NP (tw 20) (n 21)) (NP (lid 22) (n 23)) (vz 24))) (let 25))
125	Ruim honderd per dag dus .	(ROOT (DU (PPART (adj 0) (ww 1) (PP (vz 2) (n 3))) (bw 4)) (let 5))
126	De voorspoed was groot , de bijnaam ' Golden rock ' terecht .	(ROOT (SMAIN (NP (lid 0) (n 1)) (ww 2) (adj 3) (let 4) (NP (lid 5) (n 6) (let 7) (MWU (spec 8) (spec 9)) (let 10)) (adj 11)) (let 12))
127	Dit beeld wil ik even vasthouden bij het bepalen van het toekomstbeeld van het Caribische deel van het Koninkrijk .	(ROOT (SMAIN (INF (NP (vnw 0) (n 1)) (bw 4) (ww 5) (PP (vz 6) (NP (lid 7) (ww 8) (PP (vz 9) (NP (lid 10) (n 11) (PP (vz 12) (NP (lid 13) (adj 14) (n 15) (PP (vz 16) (NP (lid 17) (n 18)))))))))) (ww 2) (vnw 3)) (let 19))
128	Waar staan de eilanden in 2030 ?	(ROOT (WHQ (vnw 0) (SV1 (ww 1) (NP (lid 2) (n 3)) (PP (vz 4) (tw 5)))) (let 6))
129	Ik denk dat het onze ambitie moet zijn om ook dan een internationale ' hotspot ' te zijn .	(ROOT (SMAIN (vnw 0) (ww 1) (CP (vg 2) (SSUB (vnw 3) (INF (NP (vnw 4) (n 5)) (ww 7) (OTI (vz 8) (TI (INF (bw 9) (bw 10) (NP (lid 11) (adj 12) (let 13) (n 14) (let 15)) (ww 17)) (vz 16)))) (ww 6)))) (let 18))
130	Laten we er samen voor zorgen dat het op deze eilanden in 2030 bruist van de handel , welvaart en dynamiek .	(ROOT (SV1 (ww 0) (vnw 1) (INF (PP (vnw 2) (vz 4) (CP (vg 6) (SSUB (vnw 7) (PP (vz 8) (NP (vnw 9) (n 10))) (PP (vz 11) (tw 12)) (ww 13) (PP (vz 14) (CONJ (NP (lid 15) (n 16)) (let 17) (NP (n 18)) (vg 19) (NP (n 20))))))) (bw 3) (ww 5))) (let 21))
131	Ook dan kunnen we de gunstige ligging benutten .	(ROOT (SMAIN (INF (ADVP (bw 0) (bw 1)) (NP (lid 4) (adj 5) (n 6)) (ww 7)) (ww 2) (vnw 3)) (let 8))
132	Ook dan kunnen we een wereldspeler zijn .	(ROOT (SMAIN (INF (ADVP (bw 0) (bw 1)) (NP (lid 4) (n 5)) (ww 6)) (ww 2) (vnw 3)) (let 7))
133	Ik ben ervan overtuigd dat het mogelijk is , als we daar nu de fundamenten voor leggen .	(ROOT (SMAIN (vnw 0) (ww 1) (PPART (PP (bw 2) (CP (vg 4) (SSUB (vnw 5) (adj 6) (ww 7) (let 8) (CP (vg 9) (SSUB (vnw 10) (PP (vnw 11) (vz 15)) (bw 12) (NP (lid 13) (n 14)) (ww 16)))))) (ww 3))) (let 17))
134	De staatkundige vernieuwing is daarbij een belangrijke bouwsteen .	(ROOT (SMAIN (NP (lid 0) (adj 1) (n 2)) (ww 3) (bw 4) (NP (lid 5) (adj 6) (n 7))) (let 8))
135	Het hele proces is niet bedoeld om de verschillen van mening tussen de bestuurders van de Antillen en van Nederland van de afgelopen tientallen jaren nog eens over te doen .	(ROOT (SMAIN (NP (lid 0) (adj 1) (n 2)) (ww 3) (bw 4) (PPART (ww 5) (OTI (vz 6) (TI (INF (NP (lid 7) (n 8) (PP (vz 9) (NP (n 10) (PP (vz 11) (NP (lid 12) (n 13) (CONJ (PP (vz 14) (NP (lid 15) (n 16))) (vg 17) (PP (vz 18) (n 19))))))) (PP (vz 20) (NP (lid 21) (ww 22) (n 23) (n 24)))) (bw 25) (bw 26) (vz 27) (ww 29)) (vz 28))))) (let 30))
136	Doel van de vernieuwing is een betere toekomst voor burgers .	(ROOT (SMAIN (NP (n 0) (PP (vz 1) (NP (lid 2) (n 3)))) (ww 4) (NP (lid 5) (adj 6) (n 7) (PP (vz 8) (n 9)))) (let 10))
137	Doel van de vernieuwing is het genereren van dynamiek in de samenleving .	(ROOT (SMAIN (NP (n 0) (PP (vz 1) (NP (lid 2) (n 3)))) (ww 4) (NP (lid 5) (ww 6) (PP (vz 7) (NP (n 8) (PP (vz 9) (NP (lid 10) (n 11))))))) (let 12))
138	Met andere woorden : juist jongeren hebben belang bij dit proces .	(ROOT (DU (MWU (vz 0) (adj 1) (n 2)) (let 3) (SMAIN (NP (bw 4) (adj 5)) (ww 6) (NP (n 7) (PP (vz 8) (NP (vnw 9) (n 10)))))) (let 11))
139	Laat daarom uw stem horen .	(ROOT (SV1 (ww 0) (INF (bw 1) (NP (vnw 2) (n 3)) (ww 4))) (let 5))
140	Doe mee !	(ROOT (SV1 (ww 0) (vz 1)) (let 2))
141	Ik vind het fijn hier vandaag bij u te zijn .	(ROOT (SMAIN (vnw 0) (ww 1) (vnw 2) (adj 3) (TI (INF (vnw 4) (bw 5) (PP (vz 6) (vnw 7)) (ww 9)) (vz 8))) (let 10))
142	In Nederland spreek ik veel met jongeren en studenten over de toekomst .	(ROOT (SMAIN (PP (vz 0) (n 1)) (ww 2) (vnw 3) (vnw 4) (PP (vz 5) (CONJ (adj 6) (vg 7) (n 8))) (PP (vz 9) (NP (lid 10) (n 11)))) (let 12))
143	Ik probeer mensen altijd te motiveren om het beste uit zichzelf te halen . Om hun talenten te ontwikkelen .	(ROOT (DU (SMAIN (vnw 0) (ww 1) (TI (INF (n 2) (bw 3) (ww 5) (OTI (vz 6) (TI (INF (NP (lid 7) (adj 8)) (PP (vz 9) (vnw 10)) (ww 12)) (vz 11)))) (vz 4))) (let 13) (OTI (vz 14) (TI (INF (NP (vnw 15) (n 16)) (ww 18)) (vz 17)))) (let 19))
144	Om te excelleren .	(ROOT (OTI (vz 0) (TI (vz 1) (ww 2))) (let 3))
145	Ik doe die oproep ook aan u en via u aan alle burgers in dit Caribische deel van het Koninkrijk .	(ROOT (CONJ (SMAIN (vnw 0) (ww 1) (NP (vnw 2) (n 3)) (bw 4) (PP (vz 5) (vnw 6))) (vg 7) (SMAIN (PP (vz 8) (vnw 9)) (PP (vz 10) (NP (vnw 11) (n 12) (PP (vz 13) (NP (vnw 14) (adj 15) (n 16) (PP (vz 17) (NP (lid 18) (n 19))))))))) (let 20))
146	Streef naar de top .	(ROOT (SV1 (ww 0) (PP (vz 1) (NP (lid 2) (n 3)))) (let 4))
147	Neem uw verantwoordelijkheid .	(ROOT (SV1 (ww 0) (NP (vnw 1) (n 2))) (let 3))
148	Vaar mee op de golven van de dynamiek .	(ROOT (SV1 (ww 0) (vz 1) (PP (vz 2) (NP (lid 3) (n 4) (PP (vz 5) (NP (lid 6) (n 7)))))) (let 8))
149	Met de passaatwind in de zeilen ben ik er dan van overtuigd dat we de toekomst met vertrouwen tegemoet kunnen zien .	(ROOT (SMAIN (PP (vz 0) (NP (lid 1) (n 2) (PP (vz 3) (NP (lid 4) (n 5))))) (ww 6) (vnw 7) (PPART (PP (vnw 8) (vz 10) (CP (vg 12) (SSUB (vnw 13) (INF (NP (lid 14) (n 15)) (PP (vz 16) (n 17)) (bw 18) (ww 20)) (ww 19)))) (bw 9) (ww 11))) (let 21))
150	Dank u wel .	(ROOT (MWU (ww 0) (vnw 1) (bw 2)) (let 3))
151	Toespraak minister-president op Sint Maarten , 12-02-2008 , In het ' Courthouse ' van Sint Maarten spreekt minister-president Balkenende over de fundamenten van de rechtsstaat : adequate rechtshandhaving en deugdelijk bestuur .	(ROOT (DU (CONJ (n 0) (NP (n 1) (PP (vz 2) (MWU (spec 3) (spec 4)))) (let 5) (n 6)) (let 7) (SMAIN (PP (vz 8) (NP (lid 9) (let 10) (n 11) (let 12) (PP (vz 13) (MWU (spec 14) (spec 15))))) (ww 16) (NP (n 17) (n 18)) (PP (vz 19) (NP (lid 20) (n 21) (PP (vz 22) (NP (lid 23) (n 24))) (let 25) (CONJ (NP (adj 26) (n 27)) (vg 28) (NP (adj 29) (n 30))))))) (let 31))
152	Het is voor mij een bijzondere eer om hier vandaag voor u te staan in dit historische Courthouse . Dit is is natuurlijk bovenal het huis van Vrouwe Justitia , het huis van gerechtigheid .	(ROOT (DU (SMAIN (vnw 0) (ww 1) (PP (vz 2) (vnw 3)) (NP (lid 4) (adj 5) (n 6)) (OTI (vz 7) (TI (INF (vnw 8) (bw 9) (PP (vz 10) (vnw 11)) (ww 13) (PP (vz 14) (NP (vnw 15) (adj 16) (n 17)))) (vz 12)))) (let 18) (SMAIN (vnw 19) (ww 20) (ww 21) (adj 22) (bw 23) (NP (lid 24) (n 25) (PP (vz 26) (NP (MWU (spec 27) (spec 28)) (let 29) (NP (lid 30) (n 31) (PP (vz 32) (n 33)))))))) (let 34))
153	Om in de stijl van deze locatie te blijven , spreek ik vandaag graag over fundamenten van een rechtsstaat : adequate rechtshandhaving en deugdelijk bestuur .	(ROOT (SMAIN (OTI (vz 0) (TI (INF (PP (vz 1) (NP (lid 2) (n 3) (PP (vz 4) (NP (vnw 5) (n 6))))) (ww 8)) (vz 7))) (let 9) (ww 10) (vnw 11) (bw 12) (bw 13) (PP (vz 14) (NP (n 15) (PP (vz 16) (NP (lid 17) (n 18))) (let 19) (CONJ (NP (adj 20) (n 21)) (vg 22) (NP (adj 23) (n 24)))))) (let 25))
154	Het Koninkrijk verandert .	(ROOT (SMAIN (NP (lid 0) (n 1)) (ww 2)) (let 3))
155	Sint Maarten wordt land , als aan de gezamenlijk afgesproken criteria is voldaan .	(ROOT (SMAIN (MWU (spec 0) (spec 1)) (ww 2) (n 3) (let 4) (CP (vg 5) (SSUB (PPART (PP (vz 6) (NP (lid 7) (adj 8) (ww 9) (n 10))) (ww 12)) (ww 11)))) (let 13))
156	Het proces van staatkundige vernieuwing is niet eenvoudig .	(ROOT (SMAIN (NP (lid 0) (n 1) (PP (vz 2) (NP (adj 3) (n 4)))) (ww 5) (AP (bw 6) (adj 7))) (let 8))
157	Het vraagt tijd , wederzijds begrip , energie en zorgvuldigheid .	(ROOT (SMAIN (vnw 0) (ww 1) (CONJ (n 2) (let 3) (NP (adj 4) (n 5)) (let 6) (n 7) (vg 8) (n 9))) (let 10))
158	Maar iedereen is het eens over het uiteindelijke doel : een goede toekomst voor de inwoners van de eilanden . Dus ook voor Sint Maarten .	(ROOT (DU (DU (vg 0) (SMAIN (vnw 1) (ww 2) (vnw 3) (bw 4) (PP (vz 5) (NP (lid 6) (adj 7) (n 8) (let 9) (NP (lid 10) (adj 11) (n 12) (PP (vz 13) (NP (lid 14) (n 15) (PP (vz 16) (NP (lid 17) (n 18)))))))))) (let 19) (DU (bw 20) (PP (bw 21) (vz 22) (MWU (spec 23) (spec 24))))) (let 25))
159	Ik zie een samenleving voor me waar iedereen gelijke kansen heeft . Zowel de zoon van het kamermeisje , als de dochter van de bankdirecteur kunnen hun talenten volledig ontplooien .	(ROOT (DU (SMAIN (vnw 0) (ww 1) (NP (lid 2) (n 3) (PP (vz 4) (vnw 5)) (REL (vnw 6) (SSUB (vnw 7) (NP (adj 8) (n 9)) (ww 10))))) (let 11) (SMAIN (CONJ (bw 12) (NP (lid 13) (n 14) (PP (vz 15) (NP (lid 16) (n 17)))) (let 18) (vg 19) (NP (lid 20) (n 21) (PP (vz 22) (NP (lid 23) (n 24))))) (ww 25) (INF (NP (vnw 26) (n 27)) (adj 28) (ww 29)))) (let 30))
160	Ik zie een samenleving voor me vol dynamiek , handel en ondernemerschap .	(ROOT (SMAIN (vnw 0) (ww 1) (NP (lid 2) (n 3) (PP (vz 4) (vnw 5)) (PP (adj 6) (CONJ (n 7) (let 8) (n 9) (vg 10) (n 11))))) (let 12))
161	Buitenlandse investeerders staan in de rij , toeristen vinden er een paradijselijke vakantie - ook om die reden is zorg voor de natuurlijke leefomgeving van groot belang .	(ROOT (DU (SMAIN (NP (adj 0) (n 1)) (ww 2) (PP (vz 3) (NP (lid 4) (n 5)))) (let 6) (SMAIN (n 7) (ww 8) (vnw 9) (NP (lid 10) (adj 11) (n 12))) (let 13) (SMAIN (PP (bw 14) (vz 15) (NP (vnw 16) (n 17))) (ww 18) (NP (n 19) (PP (vz 20) (NP (lid 21) (adj 22) (n 23) (PP (vz 24) (NP (adj 25) (n 26)))))))) (let 27))
162	Ik zie een samenleving waar de overheid en burgers bondgenoten zijn . Samen werken ze aan een land dat een baken is van solidariteit , welvaart en respect . Ik zie een samenleving die niet in de houdgreep zit van corruptie en criminaliteit .	(ROOT (DU (SMAIN (vnw 0) (ww 1) (NP (lid 2) (n 3) (REL (vnw 4) (SSUB (CONJ (NP (lid 5) (n 6)) (vg 7) (NP (n 8))) (n 9) (ww 10))))) (let 11) (SMAIN (bw 12) (ww 13) (vnw 14) (PP (vz 15) (NP (lid 16) (n 17) (REL (vnw 18) (SSUB (NP (lid 19) (n 20) (PP (vz 22) (CONJ (n 23) (let 24) (n 25) (vg 26) (n 27)))) (ww 21)))))) (let 28) (SMAIN (vnw 29) (ww 30) (NP (lid 31) (n 32) (REL (vnw 33) (SSUB (bw 34) (PP (vz 35) (NP (lid 36) (n 37))) (ww 38)))) (PP (vz 39) (CONJ (n 40) (vg 41) (n 42))))) (let 43))
163	Maar een samenleving vol hoop en vertrouwen .	(ROOT (DU (vg 0) (NP (lid 1) (n 2) (PP (adj 3) (CONJ (n 4) (vg 5) (n 6))))) (let 7))
164	Ik moet eerlijk zeggen : zover is het nog niet .	(ROOT (DU (SMAIN (vnw 0) (ww 1) (INF (adj 2) (ww 3))) (let 4) (SMAIN (bw 5) (ww 6) (vnw 7) (ADVP (bw 8) (bw 9)))) (let 10))
165	Om dit te bereiken , hebben we nog een lange weg te gaan .	(ROOT (SMAIN (OTI (vz 0) (TI (INF (vnw 1) (ww 3)) (vz 2))) (let 4) (ww 5) (vnw 6) (bw 7) (TI (INF (NP (lid 8) (adj 9) (n 10)) (ww 12)) (vz 11))) (let 13))
166	Wie het recente WODC-rapport ' Georganiseerde criminaliteit en rechtshandhaving op Sint Maarten ' heeft gelezen , kan dit alleen maar beamen .	(ROOT (SMAIN (WHREL (vnw 0) (SSUB (PPART (NP (lid 1) (adj 2) (n 3) (let 4) (CONJ (NP (ww 5) (n 6)) (vg 7) (NP (n 8) (PP (vz 9) (MWU (spec 10) (spec 11))))) (let 12)) (ww 14)) (ww 13))) (let 15) (ww 16) (INF (vnw 17) (ADVP (bw 18) (bw 19)) (ww 20))) (let 21))
167	Zo worden in het rapport genoemd : internationale drugshandel , mensensmokkel en het witwassen van misdaadgeld .	(ROOT (SMAIN (PPART (bw 0) (PP (vz 2) (NP (lid 3) (n 4))) (ww 5) (let 6) (CONJ (NP (adj 7) (n 8)) (let 9) (n 10) (vg 11) (NP (lid 12) (ww 13) (PP (vz 14) (n 15))))) (ww 1)) (let 16))
168	De onderzoekers concluderen verder dat er door het ontbreken van voldoende checks and balances op het eiland een gelegenheidsstructuur is kunnen ontstaan die allerlei criminele activiteiten faciliteert .	(ROOT (SMAIN (NP (lid 0) (n 1)) (ww 2) (adj 3) (CP (vg 4) (SSUB (INF (INF (vnw 5) (PP (vz 6) (NP (lid 7) (ww 8) (PP (vz 9) (NP (adj 10) (MWU (spec 11) (spec 12) (spec 13)) (PP (vz 14) (NP (lid 15) (n 16))))))) (NP (lid 17) (n 18) (REL (vnw 22) (SSUB (NP (adj 23) (adj 24) (n 25)) (ww 26)))) (ww 21)) (ww 20)) (ww 19)))) (let 27))
169	Ik ben blij dat staatssecretaris Bijleveld , het bestuurscollege en het Land , gezamenlijk hebben gesignaleerd dat het hoog tijd is om zaken op te pakken . En dat dit een gezamenlijke verantwoordelijkheid is .	(ROOT (DU (SMAIN (vnw 0) (ww 1) (AP (adj 2) (CP (vg 3) (SSUB (CONJ (NP (n 4) (n 5)) (let 6) (NP (lid 7) (n 8)) (vg 9) (NP (lid 10) (n 11))) (let 12) (adj 13) (ww 14) (ww 15) (CP (vg 16) (SSUB (NP (lid 17) (adj 18) (n 19)) (ww 20) (OTI (vz 21) (TI (INF (n 22) (vz 23) (ww 25)) (vz 24))))))))) (let 26) (DU (vg 27) (CP (vg 28) (SSUB (vnw 29) (NP (lid 30) (adj 31) (n 32)) (ww 33))))) (let 34))
170	Om de toekomst met vertrouwen tegemoet te kunnen zien , heeft Sint Maarten niet alleen een krachtig en betrouwbaar bestuur maar ook een slagvaardig controle- , opsporings- en handhavingsapparaat nodig .	(ROOT (SMAIN (OTI (vz 0) (TI (INF (INF (NP (lid 1) (n 2)) (PP (vz 3) (n 4)) (bw 5) (ww 8)) (ww 7)) (vz 6))) (let 9) (ww 10) (MWU (spec 11) (spec 12)) (CONJ (MWU (bw 13) (bw 14)) (CONJ (NP (lid 15) (CONJ (adj 16) (vg 17) (adj 18)) (n 19)) (vg 20) (NP (bw 21) (lid 22) (adj 23) (spec 24))) (let 25) (NP (spec 26)) (vg 27) (NP (n 28))) (adj 29)) (let 30))
171	Goede samenwerking tussen verschillende diensten , hoogwaardige kennis en voldoende capabele mensen en middelen zijn daarbij onontbeerlijk .	(ROOT (SMAIN (CONJ (NP (adj 0) (n 1) (PP (vz 2) (CONJ (NP (adj 3) (n 4)) (let 5) (NP (adj 6) (n 7)) (vg 8) (NP (adj 9) (adj 10) (n 11))))) (vg 12) (NP (n 13))) (ww 14) (bw 15) (adj 16)) (let 17))
172	Dit is de basis voor een goede , hoopvolle toekomst voor de bewoners van Sint Maarten .	(ROOT (SMAIN (vnw 0) (ww 1) (NP (lid 2) (n 3) (PP (vz 4) (NP (lid 5) (adj 6) (let 7) (adj 8) (n 9) (PP (vz 10) (NP (lid 11) (n 12) (PP (vz 13) (MWU (spec 14) (spec 15))))))))) (let 16))
173	Dit is de basis voor een gezonde economische ontwikkeling .	(ROOT (SMAIN (vnw 0) (ww 1) (NP (lid 2) (n 3) (PP (vz 4) (NP (lid 5) (adj 6) (adj 7) (n 8))))) (let 9))
174	Hoop kan niet zonder rotsvast vertrouwen en vertrouwen is gebouwd op de fundamenten van de rechtsstaat . Op recht , regels en de handhaving daarvan , maar ook op integer bestuur .	(ROOT (CONJ (SMAIN (n 0) (ww 1) (bw 2) (PP (vz 3) (NP (adj 4) (n 5)))) (vg 6) (SMAIN (n 7) (ww 8) (PPART (ww 9) (CONJ (PP (vz 10) (NP (lid 11) (n 12) (PP (vz 13) (NP (lid 14) (n 15) (let 16) (PP (vz 17) (CONJ (n 18) (let 19) (n 20) (vg 21) (NP (lid 22) (n 23) (bw 24)))))))) (let 25) (vg 26) (PP (bw 27) (vz 28) (NP (adj 29) (n 30))))))) (let 31))
175	Het is tijd de schouders eronder te zetten en hard te werken aan de door u zo gewenste staatkundige verandering .	(ROOT (SMAIN (vnw 0) (ww 1) (n 2) (CONJ (TI (INF (NP (lid 3) (n 4)) (bw 5) (ww 7)) (vz 6)) (vg 8) (TI (INF (adj 9) (ww 11) (PP (vz 12) (NP (lid 13) (AP (PP (vz 14) (vnw 15)) (bw 16) (ww 17)) (adj 18) (n 19)))) (vz 10)))) (let 20))
176	Zonder verandering geen goede toekomst .	(ROOT (DU (PP (vz 0) (n 1)) (NP (vnw 2) (adj 3) (n 4))) (let 5))
177	De interesse van buitenlandse investeerders en toeristen kan alleen worden gewekt met integriteit , transparantie , en een harde hand ten opzichte van corruptie en fraude .	(ROOT (SMAIN (NP (lid 0) (n 1) (PP (vz 2) (CONJ (NP (adj 3) (n 4)) (vg 5) (n 6)))) (ww 7) (INF (PPART (bw 8) (ww 10) (PP (vz 11) (CONJ (n 12) (let 13) (n 14) (let 15) (vg 16) (NP (lid 17) (adj 18) (n 19) (PP (MWU (vz 20) (n 21) (vz 22)) (CONJ (n 23) (vg 24) (n 25))))))) (ww 9))) (let 26))
178	Zonder zichtbare verbeteringen stagneert het staatkundige proces .	(ROOT (SMAIN (PP (vz 0) (NP (adj 1) (n 2))) (ww 3) (NP (lid 4) (adj 5) (n 6))) (let 7))
179	Want zonder vooruitgang op het gebied van rechtshandhaving , rechtspleging en goed bestuur geen status van land voor Sint Maarten .	(ROOT (DU (vg 0) (DU (PP (vz 1) (NP (n 2) (PP (MWU (vz 3) (lid 4) (n 5) (vz 6)) (CONJ (n 7) (let 8) (n 9) (vg 10) (NP (adj 11) (n 12)))))) (NP (vnw 13) (n 14) (PP (vz 15) (n 16)) (PP (vz 17) (MWU (spec 18) (spec 19)))))) (let 20))
180	Ik weet dat mevrouw Wescott - net als ik - sterk hecht aan het nakomen van gezamenlijk gemaakte afspraken . Afspraken die keer op keer zijn vastgelegd .	(ROOT (DU (SMAIN (vnw 0) (ww 1) (CP (vg 2) (SSUB (NP (n 3) (n 4)) (let 5) (CP (bw 6) (vg 7) (vnw 8)) (let 9) (adj 10) (ww 11) (PP (vz 12) (NP (lid 13) (ww 14) (PP (vz 15) (NP (AP (adj 16) (ww 17)) (n 18)))))))) (let 19) (NP (n 20) (REL (vnw 21) (SSUB (PPART (MWU (n 22) (vz 23) (n 24)) (ww 26)) (ww 25))))) (let 27))
181	In het hoofdlijnenakkoord van 22 oktober 2005 . Tijdens de start-RTC op 26 november 2005 . En in de slotverklaring van 2 november 2006 .	(ROOT (DU (PP (vz 0) (NP (lid 1) (n 2) (PP (vz 3) (MWU (tw 4) (n 5) (tw 6))))) (let 7) (PP (vz 8) (NP (lid 9) (n 10) (PP (vz 11) (MWU (tw 12) (n 13) (tw 14))))) (let 15) (DU (vg 16) (PP (vz 17) (NP (lid 18) (n 19) (PP (vz 20) (MWU (tw 21) (n 22) (tw 23))))))) (let 24))
182	Het zijn afspraken waar Nederland aan vasthoudt en waar Sint Maarten niet voor weg kan lopen .	(ROOT (SMAIN (vnw 0) (ww 1) (NP (n 2) (CONJ (REL (vnw 3) (SSUB (n 4) (PP (vz 5)) (ww 6))) (vg 7) (REL (vnw 8) (SSUB (MWU (spec 9) (spec 10)) (INF (bw 11) (PP (vz 12) (n 13)) (ww 15)) (ww 14)))))) (let 16))
183	Ik doe daarom een indringend beroep op iedereen op Sint Maarten om de handschoen op te pakken .	(ROOT (SMAIN (vnw 0) (ww 1) (bw 2) (NP (lid 3) (adj 4) (n 5)) (PP (vz 6) (NP (vnw 7) (PP (vz 8) (MWU (spec 9) (spec 10))))) (OTI (vz 11) (TI (INF (NP (lid 12) (n 13)) (vz 14) (ww 16)) (vz 15)))) (let 17))
184	Werk mee aan het realiseren van efficiënte , gezagvolle en sterke politie- en opsporingsdiensten .	(ROOT (SV1 (ww 0) (vz 1) (PP (vz 2) (NP (lid 3) (ww 4) (PP (vz 5) (NP (CONJ (adj 6) (let 7) (adj 8) (vg 9) (adj 10)) (CONJ (spec 11) (vg 12) (n 13))))))) (let 14))
185	Werk mee aan de uitwerking van de afspraken over een slagvaardig Openbaar Ministerie .	(ROOT (SV1 (ww 0) (vz 1) (PP (vz 2) (NP (lid 3) (n 4) (PP (vz 5) (NP (lid 6) (n 7) (PP (vz 8) (NP (lid 9) (adj 10) (MWU (adj 11) (n 12))))))))) (let 13))
186	En werk mee aan een onkreukbaar , slagvaardig en integer openbaar bestuur .	(ROOT (DU (vg 0) (SV1 (ww 1) (vz 2) (PP (vz 3) (NP (lid 4) (CONJ (adj 5) (let 6) (adj 7) (vg 8) (adj 9)) (adj 10) (n 11))))) (let 12))
187	Het gaat niet alleen om formele verantwoordelijkheid , maar ook om morele verantwoordelijkheid .	(ROOT (SMAIN (vnw 0) (ww 1) (CONJ (MWU (bw 2) (bw 3)) (PP (vz 4) (NP (adj 5) (n 6))) (let 7) (vg 8) (PP (bw 9) (vz 10) (NP (adj 11) (n 12))))) (let 13))
188	Nederland neemt zijn verantwoordelijkheid , onder meer door het Plan Veiligheid Nederlandse Antillen .	(ROOT (SMAIN (n 0) (ww 1) (NP (vnw 2) (n 3)) (let 4) (PP (MWU (vz 5) (vnw 6)) (vz 7) (NP (lid 8) (MWU (n 9) (n 10) (adj 11) (n 12))))) (let 13))
189	Door het vrijmaken van mensen en middelen om hier het politieapparaat verder op orde te brengen en de rechtshandhaving te versterken .	(ROOT (PP (vz 0) (NP (lid 1) (ww 2) (PP (vz 3) (CONJ (n 4) (vg 5) (n 6))) (OTI (vz 7) (CONJ (TI (INF (vnw 8) (NP (lid 9) (n 10)) (adj 11) (PP (vz 12) (n 13)) (ww 15)) (vz 14)) (vg 16) (TI (INF (NP (lid 17) (n 18)) (ww 20)) (vz 19)))))) (let 21))
190	Door het zoeken naar werkbare oplossingen .	(ROOT (PP (vz 0) (NP (lid 1) (ww 2) (PP (vz 3) (NP (adj 4) (n 5))))) (let 6))
191	Maar de primaire verantwoordelijkheid ligt hier op de Nederlandse Antillen en op Sint Maarten .	(ROOT (DU (vg 0) (SMAIN (NP (lid 1) (adj 2) (n 3)) (ww 4) (vnw 5) (CONJ (PP (vz 6) (NP (lid 7) (MWU (spec 8) (spec 9)))) (vg 10) (PP (vz 11) (MWU (spec 12) (spec 13)))))) (let 14))
192	Loop daar niet voor weg .	(ROOT (SV1 (ww 0) (PP (vnw 1) (vz 3)) (bw 2) (bw 4)) (let 5))
193	Toon daadkracht .	(ROOT (SV1 (ww 0) (n 1)) (let 2))
194	In het belang van de samenleving .	(ROOT (PP (vz 0) (NP (lid 1) (n 2) (PP (vz 3) (NP (lid 4) (n 5))))) (let 6))
195	De kinderen op dit eiland hebben recht op een veilige toekomst met gelijke kansen voor iedereen .	(ROOT (SMAIN (NP (lid 0) (n 1) (PP (vz 2) (NP (vnw 3) (n 4)))) (ww 5) (NP (n 6) (PP (vz 7) (NP (lid 8) (adj 9) (n 10) (PP (vz 11) (NP (adj 12) (n 13)))))) (PP (vz 14) (vnw 15))) (let 16))
196	Een toekomst vol vertrouwen . Een toekomst vol hoop .	(ROOT (DU (NP (lid 0) (n 1) (PP (adj 2) (n 3))) (let 4) (NP (lid 5) (n 6) (PP (adj 7) (n 8)))) (let 9))
197	Het scheppen van die hoop is onze gezamenlijke taak . Dat is hard , heel hard werken .	(ROOT (DU (SMAIN (NP (lid 0) (ww 1) (PP (vz 2) (NP (vnw 3) (n 4)))) (ww 5) (NP (vnw 6) (adj 7) (n 8))) (let 9) (SMAIN (vnw 10) (ww 11) (NP (adj 12) (let 13) (AP (adj 14) (adj 15)) (ww 16)))) (let 17))
198	Werk waarmee vandaag moet worden begonnen .	(ROOT (NP (n 0) (REL (bw 1) (SSUB (INF (PPART (bw 2) (ww 5)) (ww 4)) (ww 3)))) (let 6))
199	De weg is lang .	(ROOT (SMAIN (NP (lid 0) (n 1)) (ww 2) (adj 3)) (let 4))
200	Maar ons einddoel - een goede toekomst voor de bevolking van dit prachtige eiland Sint Maarten - is die moeite meer dan waard .	(ROOT (DU (vg 0) (SMAIN (NP (vnw 1) (n 2) (let 3) (NP (lid 4) (adj 5) (n 6) (PP (vz 7) (NP (lid 8) (n 9) (PP (vz 10) (NP (vnw 11) (adj 12) (n 13) (MWU (spec 14) (spec 15))))))) (let 16)) (ww 17) (AP (NP (vnw 18) (n 19)) (MWU (vnw 20) (vg 21)) (adj 22)))) (let 23))
201	Het is een eer om hier te zijn op MGIMO .	(ROOT (SMAIN (vnw 0) (ww 1) (NP (lid 2) (n 3)) (OTI (vz 4) (TI (INF (vnw 5) (ww 7) (PP (vz 8) (n 9))) (vz 6)))) (let 10))
202	Deze prachtige universiteit is een kweekvijver voor diplomatiek talent .	(ROOT (SMAIN (NP (vnw 0) (adj 1) (n 2)) (ww 3) (NP (lid 4) (n 5) (PP (vz 6) (NP (adj 7) (n 8))))) (let 9))
203	Dat maakt onze gedachtewisseling nog extra interessant .	(ROOT (SMAIN (vnw 0) (ww 1) (NP (vnw 2) (n 3)) (bw 4) (AP (adj 5) (adj 6))) (let 7))
204	Diplomatie en openhartigheid gaan zowel in de Russische als in de Nederlandse cultuur heel goed samen .	(ROOT (SMAIN (CONJ (n 0) (vg 1) (n 2)) (ww 3) (CONJ (bw 4) (PP (vz 5) (NP (lid 6) (adj 7))) (vg 8) (PP (vz 9) (NP (lid 10) (adj 11) (n 12)))) (AP (adj 13) (adj 14)) (bw 15)) (let 16))
205	Dus ik verheug me op het komende uur .	(ROOT (DU (bw 0) (SMAIN (vnw 1) (ww 2) (vnw 3) (PP (vz 4) (NP (lid 5) (ww 6) (n 7))))) (let 8))
206	Deze universiteit heeft hechte contacten met Nederland .	(ROOT (SMAIN (NP (vnw 0) (n 1)) (ww 2) (NP (adj 3) (n 4) (PP (vz 5) (n 6)))) (let 7))
207	Zo werkt u onder meer samen met de Universiteit Leiden .	(ROOT (SMAIN (bw 0) (ww 1) (vnw 2) (MWU (vz 3) (vnw 4)) (bw 5) (PP (vz 6) (NP (lid 7) (MWU (n 8) (n 9))))) (let 10))
208	Ik ben er trots op dat hier op MGIMO ook de Nederlandse taal wordt gedoceerd .	(ROOT (SMAIN (vnw 0) (ww 1) (AP (PP (vnw 2) (vz 4) (CP (vg 5) (SSUB (PPART (vnw 6) (PP (vz 7) (n 8)) (bw 9) (ww 14)) (NP (lid 10) (adj 11) (n 12)) (ww 13)))) (adj 3))) (let 15))
209	Tsaar Peter de Grote heeft ooit het plan gehad om het Nederlands als tweede taal in te voeren op Russische scholen .	(ROOT (SMAIN (NP (n 0) (MWU (spec 1) (spec 2) (spec 3))) (ww 4) (PPART (bw 5) (NP (lid 6) (n 7) (OTI (vz 9) (TI (INF (NP (lid 10) (n 11)) (CP (vz 12) (NP (tw 13) (n 14))) (vz 15) (ww 17) (PP (vz 18) (NP (adj 19) (n 20)))) (vz 16)))) (ww 8))) (let 21))
210	Hij bracht in 1697 een bezoek aan mijn land om meer te leren over onze scheepsbouw .	(ROOT (SMAIN (vnw 0) (ww 1) (PP (vz 2) (tw 3)) (NP (lid 4) (n 5)) (PP (vz 6) (NP (vnw 7) (n 8))) (OTI (vz 9) (TI (INF (NP (vnw 10) (PP (vz 13) (NP (vnw 14) (n 15)))) (ww 12)) (vz 11)))) (let 16))
211	Nederland was in de 17de eeuw de grootste handelsmacht ter wereld , mede dankzij zijn uitgebreide vloot .	(ROOT (SMAIN (n 0) (ww 1) (PP (vz 2) (NP (lid 3) (tw 4) (n 5))) (NP (lid 6) (adj 7) (n 8) (PP (vz 9) (n 10))) (let 11) (PP (bw 12) (vz 13) (NP (vnw 14) (ww 15) (n 16)))) (let 17))
212	Tsaar Peter bezocht een aantal Hollandse scheepswerven .	(ROOT (SMAIN (MWU (n 0) (spec 1)) (ww 2) (NP (lid 3) (n 4) (NP (adj 5) (n 6)))) (let 7))
213	Hij was erg onder de indruk , maar vond toch dat wij Nederlanders een beetje te veel werkten met het timmermansoog en een beetje te weinig met theorie ...	(ROOT (CONJ (SMAIN (vnw 0) (ww 1) (AP (adj 2) (MWU (vz 3) (lid 4) (n 5)))) (let 6) (vg 7) (SV1 (ww 8) (bw 9) (CP (vg 10) (SSUB (vnw 11) (n 12) (AP (ADVP (NP (lid 13) (n 14)) (bw 15)) (vnw 16)) (ww 17) (PP (vz 18) (CONJ (NP (lid 19) (n 20) (PP (vz 26) (n 27))) (vg 21) (NP (lid 22) (n 23) (AP (bw 24) (vnw 25))))))))) (let 28))
214	In ieder geval zijn er veel Nederlandse woorden die te maken hebben met de zeevaart in uw taal terecht gekomen .	(ROOT (SMAIN (PPART (PP (vz 0) (NP (vnw 1) (n 2))) (vnw 4) (PP (vz 15) (NP (vnw 16) (n 17))) (adj 18) (ww 19)) (ww 3) (NP (vnw 5) (adj 6) (n 7) (REL (vnw 8) (SSUB (TI (vz 9) (ww 10)) (ww 11) (PP (vz 12) (NP (lid 13) (n 14))))))) (let 20))
215	Gezien de Nederlandse koopmansreputatie zal het u niet verbazen dat ook de Russische woorden voor ' kassier ' en ' kwitantie ' uit het Nederlands afkomstig zijn .	(ROOT (SMAIN (INF (PP (vz 0) (NP (lid 1) (adj 2) (n 3))) (vnw 6) (bw 7) (ww 8) (CP (vg 9) (SSUB (bw 10) (NP (lid 11) (adj 12) (n 13) (PP (vz 14) (CONJ (let 15) (n 16) (let 17) (vg 18) (let 19) (n 20) (let 21)))) (AP (PP (vz 22) (NP (lid 23) (n 24))) (adj 25)) (ww 26)))) (ww 4) (vnw 5)) (let 27))
216	Helaas spreek ik uw taal niet .	(ROOT (SMAIN (bw 0) (ww 1) (vnw 2) (NP (vnw 3) (n 4)) (bw 5)) (let 6))
217	Daarom praat ik met u in een taal die we allemaal min of meer machtig zijn ; het Engels .	(ROOT (DU (SMAIN (bw 0) (ww 1) (vnw 2) (PP (vz 3) (vnw 4)) (PP (vz 5) (NP (lid 6) (n 7) (REL (vnw 8) (SSUB (vnw 9) (bw 10) (AP (MWU (bw 11) (vg 12) (vnw 13)) (adj 14)) (ww 15)))))) (let 16) (NP (lid 17) (n 18))) (let 19))
218	Dames en heren , Rusland en Nederland hebben bijzondere banden die meer dan drie eeuwen oud zijn .	(ROOT (DU (CONJ (n 0) (vg 1) (n 2)) (let 3) (SMAIN (CONJ (n 4) (vg 5) (n 6)) (ww 7) (NP (adj 8) (n 9) (REL (vnw 10) (SSUB (AP (NP (DETP (MWU (vnw 11) (vg 12)) (tw 13)) (n 14)) (adj 15)) (ww 16)))))) (let 17))
219	Niet veel mensen weten dat Den Haag eind 17de eeuw de eerste stad was met een permanente Russische diplomatieke vertegenwoordiging .	(ROOT (SMAIN (NP (AP (bw 0) (vnw 1)) (n 2)) (ww 3) (CP (vg 4) (SSUB (MWU (spec 5) (spec 6)) (ADVP (n 7) (NP (tw 8) (n 9))) (NP (lid 10) (tw 11) (n 12) (PP (vz 14) (NP (lid 15) (adj 16) (adj 17) (adj 18) (n 19)))) (ww 13)))) (let 20))
220	Nederland speelde vervolgens een belangrijke ondersteunende rol in de economische en maritieme expansie van Rusland .	(ROOT (SMAIN (n 0) (ww 1) (bw 2) (NP (lid 3) (adj 4) (ww 5) (n 6)) (PP (vz 7) (NP (lid 8) (CONJ (adj 9) (vg 10) (adj 11)) (n 12) (PP (vz 13) (n 14))))) (let 15))
221	Eind 19de eeuw was Nederland het gastland van een grote internationale vredesconferentie op initiatief van Tsaar Nicolaas II .	(ROOT (SMAIN (ADVP (n 0) (NP (tw 1) (n 2))) (ww 3) (n 4) (NP (lid 5) (n 6) (PP (vz 7) (NP (lid 8) (adj 9) (adj 10) (n 11) (PP (MWU (vz 12) (n 13) (vz 14)) (NP (n 15) (MWU (spec 16) (spec 17)))))))) (let 18))
222	Centraal daarbij stond de gedachte van een internationale rechtsgemeenschap waarbinnen landen vreedzaam samenwerken .	(ROOT (SMAIN (AP (adj 0) (bw 1)) (ww 2) (NP (lid 3) (n 4) (PP (vz 5) (NP (lid 6) (adj 7) (n 8) (REL (bw 9) (SSUB (n 10) (adj 11) (ww 12))))))) (let 13))
223	We hebben daar onder andere het Permanent Hof van Arbitrage in Den Haag aan te danken .	(ROOT (SMAIN (vnw 0) (ww 1) (TI (INF (PP (vnw 2) (vz 13)) (NP (MWU (vz 3) (adj 4)) (lid 5) (MWU (adj 6) (n 7) (vz 8) (n 9)) (PP (vz 10) (MWU (spec 11) (spec 12)))) (ww 15)) (vz 14))) (let 16))
224	Tegenwoordig zijn onze relaties dieper en breder dan ooit .	(ROOT (SMAIN (adj 0) (ww 1) (NP (vnw 2) (n 3)) (CONJ (AP (adj 4) (CP (vg 7) (bw 8))) (vg 5) (AP (adj 6)))) (let 9))
225	Alleen al economisch . Zo zijn we uw belangrijkste exportbestemming .	(ROOT (DU (AP (MWU (bw 0) (bw 1)) (adj 2)) (let 3) (SMAIN (bw 4) (ww 5) (vnw 6) (NP (vnw 7) (adj 8) (n 9)))) (let 10))
226	Belangrijker dan Duitsland en China .	(ROOT (AP (adj 0) (CP (vg 1) (CONJ (n 2) (vg 3) (n 4)))) (let 5))
227	En laten we de sport niet vergeten !	(ROOT (DU (vg 0) (SV1 (ww 1) (vnw 2) (INF (NP (lid 3) (n 4)) (bw 5) (ww 6)))) (let 7))
228	Wat gebeurt er als je fantastische Russische voetballers samenbrengt met een fantastische Nederlandse coach ?	(ROOT (WHQ (vnw 0) (SV1 (ww 1) (vnw 2) (CP (vg 3) (SSUB (vnw 4) (NP (adj 5) (adj 6) (n 7)) (ww 8) (PP (vz 9) (NP (lid 10) (adj 11) (adj 12) (n 13))))))) (let 14))
229	Dan ligt de weg naar het Europees Kampioenschap open .	(ROOT (SMAIN (bw 0) (ww 1) (NP (lid 2) (n 3) (PP (vz 4) (NP (lid 5) (MWU (spec 6) (spec 7))))) (adj 8)) (let 9))
230	Tenminste ... u moet nog twee keer winnen om u te kwalificeren . Maar dat moet toch geen probleem zijn met een coach als Guus Hiddink .	(ROOT (DU (DU (bw 0) (let 1) (SMAIN (vnw 2) (ww 3) (INF (NP (bw 4) (tw 5) (n 6)) (ww 7) (OTI (vz 8) (TI (INF (vnw 9) (ww 11)) (vz 10)))))) (let 12) (DU (vg 13) (SMAIN (vnw 14) (ww 15) (bw 16) (INF (NP (vnw 17) (n 18) (PP (vz 20) (NP (lid 21) (n 22) (PP (vz 23) (MWU (spec 24) (spec 25)))))) (ww 19))))) (let 26))
231	Ik ben ervan overtuigd dat onze samenwerking nog verder aan kracht kan winnen .	(ROOT (SMAIN (vnw 0) (ww 1) (PPART (PP (bw 2) (CP (vg 4) (SSUB (NP (vnw 5) (n 6)) (INF (bw 7) (adj 8) (PP (vz 9) (n 10)) (ww 12)) (ww 11)))) (ww 3))) (let 13))
232	Sportief , economisch en politiek .	(ROOT (CONJ (adj 0) (let 1) (adj 2) (vg 3) (n 4)) (let 5))
233	Graag wil ik u schetsen welke weg we daarbij kunnen bewandelen .	(ROOT (SMAIN (INF (bw 0) (vnw 3) (ww 4) (WHSUB (NP (vnw 5) (n 6)) (SSUB (vnw 7) (INF (bw 8) (ww 10)) (ww 9)))) (ww 1) (vnw 2)) (let 11))
234	De derde : een open dialoog voeren .	(ROOT (DU (NP (lid 0) (tw 1)) (let 2) (INF (NP (lid 3) (adj 4) (n 5)) (ww 6))) (let 7))
235	Samenwerking op basis van wederzijds respect was van oudsher een pure noodzaak .	(ROOT (SMAIN (NP (n 0) (PP (MWU (vz 1) (n 2) (vz 3)) (NP (adj 4) (n 5)))) (ww 6) (PP (vz 7) (bw 8)) (NP (lid 9) (adj 10) (n 11))) (let 12))
236	Dat heeft te maken met de ligging en de natuurlijke omstandigheden van ons land .	(ROOT (SMAIN (vnw 0) (ww 1) (TI (vz 2) (ww 3)) (PP (vz 4) (CONJ (NP (lid 5) (n 6) (PP (vz 11) (NP (vnw 12) (n 13)))) (vg 7) (NP (lid 8) (adj 9) (n 10))))) (let 14))
237	U moet zich voorstellen dat de helft van mijn land onder de zeespiegel ligt .	(ROOT (SMAIN (vnw 0) (ww 1) (INF (vnw 2) (ww 3) (CP (vg 4) (SSUB (NP (lid 5) (n 6) (PP (vz 7) (NP (vnw 8) (n 9)))) (PP (vz 10) (NP (lid 11) (n 12))) (ww 13))))) (let 14))
238	Mijn eigen huis staat zo'n zes meter onder het wateroppervlak van de Noordzee .	(ROOT (SMAIN (NP (vnw 0) (adj 1) (n 2)) (ww 3) (NP (DETP (vnw 4) (tw 5)) (n 6)) (PP (vz 7) (NP (lid 8) (n 9) (PP (vz 10) (NP (lid 11) (n 12)))))) (let 13))
239	Ons land is een drassige delta van grote rivieren , beschermd door duinen en dijken .	(ROOT (SMAIN (NP (vnw 0) (n 1)) (ww 2) (NP (lid 3) (adj 4) (n 5) (PP (vz 6) (NP (adj 7) (n 8))) (let 9) (PPART (ww 10) (PP (vz 11) (CONJ (n 12) (vg 13) (n 14)))))) (let 15))
240	Een vijfde deel van Nederland hebben we in de loop der eeuwen gewonnen op het water , door meren en zee in te polderen .	(ROOT (SMAIN (NP (lid 0) (tw 1) (n 2) (PP (vz 3) (n 4))) (ww 5) (vnw 6) (PPART (PP (vz 7) (NP (lid 8) (n 9) (NP (lid 10) (n 11)))) (ww 12) (PP (vz 13) (NP (lid 14) (n 15))) (let 16) (CP (vz 17) (TI (INF (CONJ (n 18) (vg 19) (n 20)) (vz 21) (ww 23)) (vz 22))))) (let 24))
241	U begrijpt dat het in zo'n land noodzakelijk is om samen te werken .	(ROOT (SMAIN (vnw 0) (ww 1) (CP (vg 2) (SSUB (vnw 3) (PP (vz 4) (NP (vnw 5) (n 6))) (adj 7) (ww 8) (OTI (vz 9) (TI (INF (bw 10) (ww 12)) (vz 11)))))) (let 13))
242	Moeder Natuur heeft ons Nederlanders als het ware gedwongen oog te hebben voor gezamenlijke belangen .	(ROOT (SMAIN (MWU (spec 0) (spec 1)) (ww 2) (PPART (NP (vnw 3) (n 4)) (MWU (vg 5) (vnw 6) (ww 7)) (ww 8) (TI (INF (NP (n 9) (PP (vz 12) (NP (adj 13) (n 14)))) (ww 11)) (vz 10)))) (let 15))
243	De waterhuishouding in Nederland is een complex geheel waarin alles met alles samenhangt en waarin ieders inzet nodig is .	(ROOT (SMAIN (NP (lid 0) (n 1) (PP (vz 2) (n 3))) (ww 4) (NP (lid 5) (adj 6) (n 7) (CONJ (REL (bw 8) (SSUB (vnw 9) (PP (vz 10) (vnw 11)) (ww 12))) (vg 13) (REL (bw 14) (SSUB (NP (vnw 15) (n 16)) (adj 17) (ww 18)))))) (let 19))
244	Immers : als één stad aan de rivier zijn dijkvak verwaarloost , lopen vele steden gevaar .	(ROOT (DU (bw 0) (let 1) (SMAIN (CP (vg 2) (SSUB (NP (tw 3) (n 4) (PP (vz 5) (NP (lid 6) (n 7)))) (NP (vnw 8) (n 9)) (ww 10))) (let 11) (ww 12) (NP (vnw 13) (n 14)) (n 15))) (let 16))
245	Door onze gezamenlijke strijd tegen het water , leerden we oog te hebben voor gedeelde belangen .	(ROOT (SMAIN (PP (vz 0) (NP (vnw 1) (adj 2) (n 3) (PP (vz 4) (NP (lid 5) (n 6))))) (let 7) (ww 8) (vnw 9) (TI (INF (NP (n 10) (PP (vz 13) (NP (ww 14) (n 15)))) (ww 12)) (vz 11))) (let 16))
246	We leerden elkaar te respecteren .	(ROOT (SMAIN (vnw 0) (ww 1) (TI (INF (vnw 2) (ww 4)) (vz 3))) (let 5))
247	Nederland heeft een dialoogcultuur die diep is geworteld .	(ROOT (SMAIN (n 0) (ww 1) (NP (lid 2) (n 3) (REL (vnw 4) (SSUB (PPART (adj 5) (ww 7)) (ww 6))))) (let 8))
248	We zijn geneigd naar samenwerking en consensus te zoeken .	(ROOT (SMAIN (vnw 0) (ww 1) (PPART (ww 2) (TI (INF (PP (vz 3) (CONJ (n 4) (vg 5) (n 6))) (ww 8)) (vz 7)))) (let 9))
249	Een tweede factor heeft die neiging versterkt .	(ROOT (SMAIN (NP (lid 0) (tw 1) (n 2)) (ww 3) (PPART (NP (vnw 4) (n 5)) (ww 6))) (let 7))
250	Sinds de 16de eeuw is Nederland een internationaal georiënteerd handelsland .	(ROOT (SMAIN (PP (vz 0) (NP (lid 1) (tw 2) (n 3))) (ww 4) (n 5) (NP (lid 6) (AP (adj 7) (adj 8)) (n 9))) (let 10))
251	Haar activiteiten omspanden bijna heel Azië en Europa .	(ROOT (SMAIN (NP (vnw 0) (n 1)) (ww 2) (bw 3) (AP (adj 4) (CONJ (n 5) (vg 6) (n 7)))) (let 8))
252	Nog steeds is Nederland - met een bescheiden bevolkingsomvang van 16 miljoen - een van de grootste handelsnaties ter wereld .	(ROOT (SMAIN (ADVP (bw 0) (bw 1)) (ww 2) (n 3) (let 4) (PP (vz 5) (NP (lid 6) (adj 7) (n 8) (PP (vz 9) (NP (tw 10) (n 11))))) (let 12) (NP (tw 13) (PP (vz 14) (NP (lid 15) (adj 16) (n 17) (PP (vz 18) (n 19)))))) (let 20))
253	Zo'n land is gebaat bij openheid en tolerantie .	(ROOT (SMAIN (NP (vnw 0) (n 1)) (ww 2) (PPART (ww 3) (PP (vz 4) (CONJ (n 5) (vg 6) (n 7))))) (let 8))
254	Bij een level playing field dat iedereen gelijke kansen geeft .	(ROOT (PP (vz 0) (NP (lid 1) (MWU (spec 2) (spec 3) (spec 4)) (REL (vnw 5) (SSUB (vnw 6) (NP (adj 7) (n 8)) (ww 9))))) (let 10))
255	En bij een sterke internationale rechtsorde .	(ROOT (DU (vg 0) (PP (vz 1) (NP (lid 2) (adj 3) (adj 4) (n 5)))) (let 6))
256	Niet voor niets behoorde Nederland tot de oprichters van de Raad van Europa en de Europese Unie .	(ROOT (SMAIN (PP (bw 0) (vz 1) (vnw 2)) (ww 3) (n 4) (PP (vz 5) (NP (lid 6) (n 7) (PP (vz 8) (CONJ (NP (lid 9) (MWU (n 10) (vz 11) (n 12))) (vg 13) (NP (lid 14) (MWU (adj 15) (n 16)))))))) (let 17))
257	Niet voor niets heeft Den Haag zich ontwikkeld tot legal capital of the world .	(ROOT (SMAIN (PPART (PP (bw 0) (vz 1) (vnw 2)) (vnw 6) (ww 7) (PP (vz 8) (MWU (spec 9) (spec 10) (spec 11) (spec 12) (spec 13)))) (ww 3) (MWU (spec 4) (spec 5))) (let 14))
258	Niet voor niets behoort Nederland tot de actiefste leden van de Verenigde Naties en behoren we tot de landen die het meest doen aan ontwikkelingssamenwerking .	(ROOT (CONJ (SMAIN (PP (bw 0) (vz 1) (vnw 2)) (ww 3) (n 4) (PP (vz 5) (NP (lid 6) (adj 7) (n 8) (PP (vz 9) (NP (lid 10) (MWU (ww 11) (n 12))))))) (vg 13) (SV1 (ww 14) (vnw 15) (PP (vz 16) (NP (lid 17) (n 18) (REL (vnw 19) (SSUB (MWU (lid 20) (vnw 21)) (ww 22) (PP (vz 23) (n 24)))))))) (let 25))
259	We beseffen dat we anderen nodig hebben voor onze welvaart , onze veiligheid , onze gezondheid en de kwaliteit van ons milieu .	(ROOT (SMAIN (vnw 0) (ww 1) (CP (vg 2) (SSUB (vnw 3) (adj 4) (AP (adj 5) (PP (vz 7) (CONJ (NP (vnw 8) (n 9)) (let 10) (NP (vnw 11) (n 12)) (let 13) (NP (vnw 14) (n 15)) (vg 16) (NP (lid 17) (n 18) (PP (vz 19) (NP (vnw 20) (n 21))))))) (ww 6)))) (let 22))
260	En dat anderen ons nodig hebben .	(ROOT (DU (vg 0) (CP (vg 1) (SSUB (adj 2) (vnw 3) (adj 4) (ww 5)))) (let 6))
261	Neem bijvoorbeeld de klimaatverandering en de stijging van de zeespiegel .	(ROOT (SV1 (ww 0) (bw 1) (CONJ (NP (lid 2) (n 3)) (vg 4) (NP (lid 5) (n 6) (PP (vz 7) (NP (lid 8) (n 9)))))) (let 10))
262	Die is voor ons Nederlanders geen nieuwe uitdaging .	(ROOT (SMAIN (vnw 0) (ww 1) (PP (vz 2) (NP (vnw 3) (n 4))) (NP (vnw 5) (adj 6) (n 7))) (let 8))
263	Integendeel : de strijd tegen het water voeren we al duizend jaar .	(ROOT (DU (bw 0) (let 1) (SMAIN (NP (lid 2) (n 3) (PP (vz 4) (NP (lid 5) (n 6)))) (ww 7) (vnw 8) (NP (bw 9) (tw 10) (n 11)))) (let 12))
264	Het enige nieuwe voor ons is dat het vraagstuk nu internationaal speelt .	(ROOT (SMAIN (NP (lid 0) (adj 1) (adj 2) (PP (vz 3) (vnw 4))) (ww 5) (CP (vg 6) (SSUB (NP (lid 7) (n 8)) (bw 9) (adj 10) (ww 11)))) (let 12))
265	Maar de aanpak - samenwerken met partners vanuit een gedeeld belang - dient dezelfde te zijn .	(ROOT (DU (vg 0) (SMAIN (NP (lid 1) (n 2) (let 3) (NP (n 4) (PP (vz 5) (NP (n 6) (PP (vz 7) (NP (lid 8) (ww 9) (n 10)))))) (let 11)) (ww 12) (TI (INF (adj 13) (ww 15)) (vz 14)))) (let 16))
266	Een van onze belangrijke partners , is Rusland .	(ROOT (SMAIN (NP (tw 0) (PP (vz 1) (NP (vnw 2) (adj 3) (n 4)))) (let 5) (ww 6) (n 7)) (let 8))
267	U bent net als wij ingebed in de Europese beschaving .	(ROOT (SMAIN (vnw 0) (ww 1) (CP (bw 2) (vg 3) (vnw 4)) (PPART (ww 5) (PP (vz 6) (NP (lid 7) (adj 8) (n 9))))) (let 10))
268	U behoort tot onze belangrijkste handelspartners buiten de Europese Unie .	(ROOT (SMAIN (vnw 0) (ww 1) (PP (vz 2) (NP (vnw 3) (adj 4) (n 5) (PP (vz 6) (NP (lid 7) (MWU (adj 8) (n 9))))))) (let 10))
269	En u heeft groot gewicht binnen de Verenigde Naties .	(ROOT (DU (vg 0) (SMAIN (vnw 1) (ww 2) (NP (adj 3) (n 4) (PP (vz 5) (NP (lid 6) (MWU (ww 7) (n 8))))))) (let 9))
270	Het is indrukwekkend om de dynamiek te zien , hier in Moskou .	(ROOT (SMAIN (vnw 0) (ww 1) (adj 2) (OTI (vz 3) (TI (INF (NP (lid 4) (n 5)) (ww 7) (let 8) (vnw 9) (PP (vz 10) (n 11))) (vz 6)))) (let 12))
271	U bent dragers van die dynamiek , en daar bent u terecht trots op .	(ROOT (CONJ (SMAIN (vnw 0) (ww 1) (NP (n 2) (PP (vz 3) (NP (vnw 4) (n 5))))) (let 6) (vg 7) (SMAIN (AP (PP (vnw 8) (vz 13)) (adj 12)) (ww 9) (vnw 10) (adj 11))) (let 14))
272	Er is zoveel mogelijk in deze stad .	(ROOT (SMAIN (vnw 0) (ww 1) (ADVP (tw 2) (adj 3)) (PP (vz 4) (NP (vnw 5) (n 6)))) (let 7))
273	Zoveel internationale uitwisseling en creativiteit .	(ROOT (CONJ (NP (tw 0) (adj 1) (n 2)) (vg 3) (NP (n 4))) (let 5))
274	Dat is inspirerend om te zien .	(ROOT (SMAIN (vnw 0) (ww 1) (PPRES (ww 2) (OTI (vz 3) (TI (vz 4) (ww 5))))) (let 6))
275	We leven nu in een tijd van mogelijkheden , economisch èn politiek .	(ROOT (DU (SMAIN (vnw 0) (ww 1) (bw 2) (PP (vz 3) (NP (lid 4) (n 5) (PP (vz 6) (n 7))))) (let 8) (CONJ (adj 9) (vg 10) (adj 11))) (let 12))
276	In mijn jeugd was dat anders .	(ROOT (SMAIN (PP (vz 0) (NP (vnw 1) (n 2))) (ww 3) (vnw 4) (bw 5)) (let 6))
277	Ik ben opgegroeid in de tijd van de Koude Oorlog .	(ROOT (SMAIN (vnw 0) (ww 1) (PPART (ww 2) (PP (vz 3) (NP (lid 4) (n 5) (PP (vz 6) (NP (lid 7) (MWU (adj 8) (n 9)))))))) (let 10))
278	Ik herinner me die als een tijd van stilstand .	(ROOT (SMAIN (vnw 0) (ww 1) (vnw 2) (NP (vnw 3) (PP (vz 4) (NP (lid 5) (n 6) (PP (vz 7) (n 8)))))) (let 9))
279	Oost en West stonden onwrikbaar tegenover elkaar .	(ROOT (SMAIN (CONJ (n 0) (vg 1) (n 2)) (ww 3) (adj 4) (PP (vz 5) (vnw 6))) (let 7))
280	Het was een tijd van vaste patronen .	(ROOT (SMAIN (vnw 0) (ww 1) (NP (lid 2) (n 3) (PP (vz 4) (NP (adj 5) (n 6))))) (let 7))
281	De wereld was verdeeld in kampen .	(ROOT (SMAIN (NP (lid 0) (n 1)) (ww 2) (PPART (ww 3) (PP (vz 4) (n 5)))) (let 6))
282	We trachtten elkaar voortdurend de loef af te steken .	(ROOT (SMAIN (vnw 0) (ww 1) (TI (INF (vnw 2) (adj 3) (MWU (lid 4) (n 5)) (vz 6) (ww 8)) (vz 7))) (let 9))
283	Het succes van de een , was het verlies van de ander .	(ROOT (SMAIN (NP (lid 0) (n 1) (PP (vz 2) (NP (lid 3) (tw 4)))) (let 5) (ww 6) (NP (lid 7) (n 8) (PP (vz 9) (NP (lid 10) (adj 11))))) (let 12))
284	En andersom .	(ROOT (DU (vg 0) (bw 1)) (let 2))
285	Tenminste : zo zagen we het . De wereld was een ' zero sum game ' .	(ROOT (DU (bw 0) (let 1) (SMAIN (bw 2) (ww 3) (vnw 4) (vnw 5)) (let 6) (SMAIN (NP (lid 7) (n 8)) (ww 9) (NP (lid 10) (let 11) (MWU (spec 12) (spec 13) (spec 14)) (let 15)))) (let 16))
286	Nu ligt de wereld veel meer open .	(ROOT (SMAIN (bw 0) (ww 1) (NP (lid 2) (n 3)) (AP (AP (vnw 4) (vnw 5)) (adj 6))) (let 7))
287	Oude blokkades en vooroordelen zijn weggevallen .	(ROOT (SMAIN (CONJ (NP (adj 0) (n 1)) (vg 2) (NP (n 3))) (ww 4) (PPART (ww 5))) (let 6))
288	We leren elkaar met nieuwe ogen zien .	(ROOT (SMAIN (vnw 0) (ww 1) (INF (vnw 2) (PP (vz 3) (NP (adj 4) (n 5))) (ww 6))) (let 7))
289	We ontdekken steeds meer gemeenschappelijke belangen .	(ROOT (SMAIN (vnw 0) (ww 1) (NP (AP (bw 2) (vnw 3)) (adj 4) (n 5))) (let 6))
