index	original	level	original_spaced_punc	original_no_punc	scrambled	scrambled_final_punc	scrambled_no_punc	verbs_scrambled
0	De meeste mensen deugen.	B1	De meeste mensen deugen .	De meeste mensen deugen	meeste mensen De deugen .	meeste mensen De deugen .	meeste mensen De deugen	De deugen meeste mensen .
1	Het boek kreeg 26 procent van een recordaantal uitgebrachte stemmen (159.905).	B1	Het boek kreeg 26 procent van een recordaantal uitgebrachte stemmen (159.905) .	Het boek kreeg 26 procent van een recordaantal uitgebrachte stemmen (159905)	Het . (159 kreeg een van boek .905) uitgebrachte recordaantal procent stemmen 26	Het (159 kreeg een van boek .905) uitgebrachte recordaantal procent stemmen 26 .	Het (159 kreeg een van boek .905) uitgebrachte recordaantal procent stemmen 26	Het boek 26 procent van een recordaantal uitgebrachte stemmen (159.905 kreeg) .
2	We zijn ontzettend blij met en dankbaar voor de prijs.	B1	We zijn ontzettend blij met en dankbaar voor de prijs .	We zijn ontzettend blij met en dankbaar voor de prijs	de dankbaar voor en . blij prijs We zijn ontzettend met	de dankbaar voor en blij prijs We zijn ontzettend met .	de dankbaar voor en blij prijs We zijn ontzettend met	We ontzettend blij met zijn en dankbaar voor de prijs .
3	Het boek had nooit het licht gezien zonder jullie, de leden en boekenlezers die onze journalistiek mogelijk maken.	B1	Het boek had nooit het licht gezien zonder jullie , de leden en boekenlezers die onze journalistiek mogelijk maken .	Het boek had nooit het licht gezien zonder jullie de leden en boekenlezers die onze journalistiek mogelijk maken	onze leden , had . die het boekenlezers maken Het journalistiek gezien boek licht mogelijk jullie zonder nooit de en	onze leden , had die het boekenlezers maken Het journalistiek gezien boek licht mogelijk jullie zonder nooit de en .	onze leden had die het boekenlezers maken Het journalistiek gezien boek licht mogelijk jullie zonder nooit de en	had Het boek nooit het licht zonder jullie , gezien de leden en boekenlezers die onze journalistiek maken mogelijk .
4	Ook stemden jullie massaal op het boek.	B1	Ook stemden jullie massaal op het boek .	Ook stemden jullie massaal op het boek	op stemden jullie . boek massaal Ook het	op stemden jullie boek massaal Ook het .	op stemden jullie boek massaal Ook het	Ook jullie massaal stemden op het boek .
5	Ontzettend bedankt voor jullie steun!	B1	Ontzettend bedankt voor jullie steun !	Ontzettend bedankt voor jullie steun	jullie bedankt steun ! voor Ontzettend	jullie bedankt steun voor Ontzettend !	jullie bedankt steun voor Ontzettend	Ontzettend voor jullie steun ! bedankt
6	Varen doe je Samen!	B1+	Varen doe je Samen !	Varen doe je Samen	doe Varen ! je Samen	doe Varen je Samen !	doe Varen je Samen	je doe Samen Varen !
7	In samenwerking met de Provincies Fryslân, Groningen en Rijkswaterstaat wordt er voorlichting gegeven over de veiligheid op het water.	B1+	In samenwerking met de Provincies Fryslân , Groningen en Rijkswaterstaat wordt er voorlichting gegeven over de veiligheid op het water .	In samenwerking met de Provincies Fryslân Groningen en Rijkswaterstaat wordt er voorlichting gegeven over de veiligheid op het water	. Rijkswaterstaat Groningen het , In met Fryslân voorlichting op water de er wordt over Provincies veiligheid en de samenwerking gegeven	Rijkswaterstaat Groningen het , In met Fryslân voorlichting op water de er wordt over Provincies veiligheid en de samenwerking gegeven .	Rijkswaterstaat Groningen het In met Fryslân voorlichting op water de er wordt over Provincies veiligheid en de samenwerking gegeven	In samenwerking met de Provincies Fryslân , gegeven Groningen en Rijkswaterstaat er voorlichting wordt over de veiligheid op het water .
8	Veilig varen Tijdens Boot Holland kunnen bezoekers op de stand van Varen doe je Samen!	B1+	Veilig varen Tijdens Boot Holland kunnen bezoekers op de stand van Varen doe je Samen !	Veilig varen Tijdens Boot Holland kunnen bezoekers op de stand van Varen doe je Samen	kunnen Veilig doe Boot bezoekers de Holland varen Samen Varen ! je stand van Tijdens op	kunnen Veilig doe Boot bezoekers de Holland varen Samen Varen je stand van Tijdens op !	kunnen Veilig doe Boot bezoekers de Holland varen Samen Varen je stand van Tijdens op	Veilig Tijdens Boot Holland varen op de kunnen stand van bezoekers Varen je Samen doe !
9	De nadruk ligt op de beschikbaarheid van alternatieve routes ten opzichte van de door beroepsvaart drukbevaren hoofdvaarweg Lemmer-Delfzijl.	B1+	De nadruk ligt op de beschikbaarheid van alternatieve routes ten opzichte van de door beroepsvaart drukbevaren hoofdvaarweg Lemmer-Delfzijl .	De nadruk ligt op de beschikbaarheid van alternatieve routes ten opzichte van de door beroepsvaart drukbevaren hoofdvaarweg Lemmer-Delfzijl	De ligt door . alternatieve opzichte beschikbaarheid op van de Lemmer-Delfzijl de routes nadruk drukbevaren van hoofdvaarweg ten beroepsvaart	De ligt door alternatieve opzichte beschikbaarheid op van de Lemmer-Delfzijl de routes nadruk drukbevaren van hoofdvaarweg ten beroepsvaart .	De ligt door alternatieve opzichte beschikbaarheid op van de Lemmer-Delfzijl de routes nadruk drukbevaren van hoofdvaarweg ten beroepsvaart	De nadruk op drukbevaren de beschikbaarheid van alternatieve routes ligt ten opzichte van de door beroepsvaart hoofdvaarweg Lemmer-Delfzijl .
10	Op de stand zijn watersporters welkom voor praktische tips, brochures en kunnen ze direct in gesprek met vertegenwoordigers van de vaarwegbeheerders (Rijkswaterstaat en provincies Friesland en Groningen).	B1+	Op de stand zijn watersporters welkom voor praktische tips , brochures en kunnen ze direct in gesprek met vertegenwoordigers van de vaarwegbeheerders (Rijkswaterstaat en provincies Friesland en Groningen) .	Op de stand zijn watersporters welkom voor praktische tips brochures en kunnen ze direct in gesprek met vertegenwoordigers van de vaarwegbeheerders (Rijkswaterstaat en provincies Friesland en Groningen)	zijn , Groningen) met vaarwegbeheerders . stand in en gesprek kunnen direct en (Rijkswaterstaat vertegenwoordigers de brochures tips ze voor van watersporters Op de provincies welkom praktische en Friesland	zijn , Groningen) met vaarwegbeheerders stand in en gesprek kunnen direct en (Rijkswaterstaat vertegenwoordigers de brochures tips ze voor van watersporters Op de provincies welkom praktische en Friesland .	zijn Groningen) met vaarwegbeheerders stand in en gesprek kunnen direct en (Rijkswaterstaat vertegenwoordigers de brochures tips ze voor van watersporters Op de provincies welkom praktische en Friesland	Op de stand kunnen watersporters welkom voor praktische tips , brochures en ze direct zijn in gesprek met vertegenwoordigers van de vaarwegbeheerders (Rijkswaterstaat en provincies Friesland en Groningen) .
11	Ook kunnen ze op een (interactieve) vaarkaart van Noord-Nederland hun knelpunten aangeven en bespreken.	B1+	Ook kunnen ze op een (interactieve) vaarkaart van Noord-Nederland hun knelpunten aangeven en bespreken .	Ook kunnen ze op een (interactieve) vaarkaart van Noord-Nederland hun knelpunten aangeven en bespreken	Ook (interactieve) Noord-Nederland aangeven op vaarkaart bespreken ze van . hun knelpunten kunnen en een	Ook (interactieve) Noord-Nederland aangeven op vaarkaart bespreken ze van hun knelpunten kunnen en een .	Ook (interactieve) Noord-Nederland aangeven op vaarkaart bespreken ze van hun knelpunten kunnen en een	Ook ze op een (interactieve) van kunnen Noord-Nederland bespreken aangeven hun knelpunten en vaarkaart .
12	Daarnaast zullen er regionale filmbeelden getoond worden van specifieke situaties op het water, zoals bijvoorbeeld het traject Lemmer – Delfzijl.	B1+	Daarnaast zullen er regionale filmbeelden getoond worden van specifieke situaties op het water , zoals bijvoorbeeld het traject Lemmer – Delfzijl .	Daarnaast zullen er regionale filmbeelden getoond worden van specifieke situaties op het water zoals bijvoorbeeld het traject Lemmer – Delfzijl	– zullen regionale . specifieke het getoond traject Daarnaast er bijvoorbeeld van water Delfzijl worden Lemmer zoals , op situaties het filmbeelden	– zullen regionale specifieke het getoond traject Daarnaast er bijvoorbeeld van water Delfzijl worden Lemmer zoals , op situaties het filmbeelden .	– zullen regionale specifieke het getoond traject Daarnaast er bijvoorbeeld van water Delfzijl worden Lemmer zoals op situaties het filmbeelden	Daarnaast er getoond regionale filmbeelden zullen van specifieke situaties worden op het water , zoals bijvoorbeeld het traject Lemmer – Delfzijl .
13	Boot Holland vormt naar eigen zeggen de aftrap van het watersportseizoen.	B1+	Boot Holland vormt naar eigen zeggen de aftrap van het watersportseizoen .	Boot Holland vormt naar eigen zeggen de aftrap van het watersportseizoen	. watersportseizoen zeggen het vormt naar eigen aftrap de Holland van Boot	watersportseizoen zeggen het vormt naar eigen aftrap de Holland van Boot .	watersportseizoen zeggen het vormt naar eigen aftrap de Holland van Boot	Boot Holland naar eigen zeggen de vormt aftrap van het watersportseizoen .
14	Bij Varen doe je Samen!	B1+	Bij Varen doe je Samen !	Bij Varen doe je Samen	doe Samen je Bij Varen !	doe Samen je Bij Varen !	doe Samen je Bij Varen	Bij je Samen doe Varen !
15	In de centrale arena nabij het Veiligheidsplein zullen door deze partijen dagelijks presentaties worden gehouden over onder andere veiligheid en vaarregels.	B1+	In de centrale arena nabij het Veiligheidsplein zullen door deze partijen dagelijks presentaties worden gehouden over onder andere veiligheid en vaarregels .	In de centrale arena nabij het Veiligheidsplein zullen door deze partijen dagelijks presentaties worden gehouden over onder andere veiligheid en vaarregels	gehouden partijen en over presentaties het andere arena onder deze centrale vaarregels worden . dagelijks veiligheid In Veiligheidsplein nabij de door zullen	gehouden partijen en over presentaties het andere arena onder deze centrale vaarregels worden dagelijks veiligheid In Veiligheidsplein nabij de door zullen .	gehouden partijen en over presentaties het andere arena onder deze centrale vaarregels worden dagelijks veiligheid In Veiligheidsplein nabij de door zullen	In zullen de centrale arena nabij het Veiligheidsplein door deze partijen dagelijks presentaties over onder andere worden veiligheid en gehouden vaarregels .
16	Het idee voor FoodDrop ontstaat als Jantine in Groningen op het terras zit en bezorgscooters rijden af en aan ziet rijden.	A2+	Het idee voor FoodDrop ontstaat als Jantine in Groningen op het terras zit en bezorgscooters rijden af en aan ziet rijden .	Het idee voor FoodDrop ontstaat als Jantine in Groningen op het terras zit en bezorgscooters rijden af en aan ziet rijden	bezorgscooters af en ontstaat als . Groningen ziet idee en voor op het zit in Het Jantine rijden terras aan FoodDrop rijden	bezorgscooters af en ontstaat als Groningen ziet idee en voor op het zit in Het Jantine rijden terras aan FoodDrop rijden .	bezorgscooters af en ontstaat als Groningen ziet idee en voor op het zit in Het Jantine rijden terras aan FoodDrop rijden	zit Het ontstaat idee voor FoodDrop aan als Jantine ziet in Groningen op het terras en rijden bezorgscooters af en rijden .
17	Dat kan anders, vond ik, en vooral veel duurzamer.	A2+	Dat kan anders , vond ik , en vooral veel duurzamer .	Dat kan anders vond ik en vooral veel duurzamer	. ik anders , duurzamer en vooral , Dat veel vond kan	ik anders , duurzamer en vooral , Dat veel vond kan .	ik anders duurzamer en vooral Dat veel vond kan	Dat anders , ik , vond en kan vooral veel duurzamer .
18	Het leek me logischer om de bezorgdiensten te bundelen: zij bezorgen, restaurants koken.	A2+	Het leek me logischer om de bezorgdiensten te bundelen: zij bezorgen , restaurants koken .	Het leek me logischer om de bezorgdiensten te bundelen: zij bezorgen restaurants koken	koken me te . bundelen: logischer de leek bezorgdiensten bezorgen , restaurants zij om Het	koken me te bundelen: logischer de leek bezorgdiensten bezorgen , restaurants zij om Het .	koken me te bundelen: logischer de leek bezorgdiensten bezorgen restaurants zij om Het	Het me logischer om te de bezorgdiensten bezorgen: leek zij koken , restaurants bundelen .
19	Zo doet iedereen waar hij of zij goed in is.	A2+	Zo doet iedereen waar hij of zij goed in is .	Zo doet iedereen waar hij of zij goed in is	hij . of is zij doet Zo goed iedereen waar in	hij of is zij doet Zo goed iedereen waar in .	hij of is zij doet Zo goed iedereen waar in	Zo iedereen waar hij doet of zij is goed in .
20	Ze studeert op dat moment informatiekunde en weet hoe ze moet programmeren.	A2+	Ze studeert op dat moment informatiekunde en weet hoe ze moet programmeren .	Ze studeert op dat moment informatiekunde en weet hoe ze moet programmeren	. studeert moet Ze moment weet ze informatiekunde op dat hoe en programmeren	studeert moet Ze moment weet ze informatiekunde op dat hoe en programmeren .	studeert moet Ze moment weet ze informatiekunde op dat hoe en programmeren	Ze op dat moment weet moet informatiekunde en hoe ze studeert . programmeren
21	Twee weken later heeft ze de basis van het FoodDrop-platform staan en betrekt ze horecaondernemers uit haar netwerk bij haar plan.	A2+	Twee weken later heeft ze de basis van het FoodDrop-platform staan en betrekt ze horecaondernemers uit haar netwerk bij haar plan .	Twee weken later heeft ze de basis van het FoodDrop-platform staan en betrekt ze horecaondernemers uit haar netwerk bij haar plan	uit staan weken betrekt basis netwerk horecaondernemers en later plan van . haar ze het ze Twee heeft haar bij FoodDrop-platform de	uit staan weken betrekt basis netwerk horecaondernemers en later plan van haar ze het ze Twee heeft haar bij FoodDrop-platform de .	uit staan weken betrekt basis netwerk horecaondernemers en later plan van haar ze het ze Twee heeft haar bij FoodDrop-platform de	Twee weken later ze de basis van het FoodDrop-platform en ze horecaondernemers uit haar staan netwerk bij haar plan betrekt . heeft
23	Dit verhaal ging in eerste instantie over ondernemers met een groeiend bedrijf.	B1	Dit verhaal ging in eerste instantie over ondernemers met een groeiend bedrijf .	Dit verhaal ging in eerste instantie over ondernemers met een groeiend bedrijf	in met over instantie groeiend een Dit . ging verhaal eerste bedrijf ondernemers	in met over instantie groeiend een Dit ging verhaal eerste bedrijf ondernemers .	in met over instantie groeiend een Dit ging verhaal eerste bedrijf ondernemers	Dit verhaal in eerste instantie over ondernemers met een groeiend bedrijf . ging
24	Maar toen kwam corona.	B1	Maar toen kwam corona .	Maar toen kwam corona	Maar . toen kwam corona	Maar toen kwam corona .	Maar toen kwam corona	Maar toen corona kwam .
25	We gingen opnieuw bij de horecamannen op bezoek om te praten over ondernemen in coronatijd.	B1	We gingen opnieuw bij de horecamannen op bezoek om te praten over ondernemen in coronatijd .	We gingen opnieuw bij de horecamannen op bezoek om te praten over ondernemen in coronatijd	praten bij bezoek om gingen We opnieuw de horecamannen . ondernemen op over coronatijd te in	praten bij bezoek om gingen We opnieuw de horecamannen ondernemen op over coronatijd te in .	praten bij bezoek om gingen We opnieuw de horecamannen ondernemen op over coronatijd te in	We gingen opnieuw bij de horecamannen op bezoek om ondernemen te over in praten coronatijd .
27	Restaurants verzinnen in coronatijd creatieve ideeën om aan het werk te blijven en zichtbaar te zijn.	B1	Restaurants verzinnen in coronatijd creatieve ideeën om aan het werk te blijven en zichtbaar te zijn .	Restaurants verzinnen in coronatijd creatieve ideeën om aan het werk te blijven en zichtbaar te zijn	zijn . Restaurants te aan creatieve zichtbaar ideeën verzinnen blijven het werk en te in om coronatijd	zijn Restaurants te aan creatieve zichtbaar ideeën verzinnen blijven het werk en te in om coronatijd .	zijn Restaurants te aan creatieve zichtbaar ideeën verzinnen blijven het werk en te in om coronatijd	te Restaurants te verzinnen in blijven coronatijd creatieve ideeën om aan het werk en zijn zichtbaar .
28	Toch zijn er horecaondernemers die het niet zo aanpakken en zich op een andere manier in de kijker spelen.	B1	Toch zijn er horecaondernemers die het niet zo aanpakken en zich op een andere manier in de kijker spelen .	Toch zijn er horecaondernemers die het niet zo aanpakken en zich op een andere manier in de kijker spelen	zijn in kijker het manier Toch die en andere een niet zich de zo horecaondernemers er . spelen op aanpakken	zijn in kijker het manier Toch die en andere een niet zich de zo horecaondernemers er spelen op aanpakken .	zijn in kijker het manier Toch die en andere een niet zich de zo horecaondernemers er spelen op aanpakken	Toch er zijn horecaondernemers die het niet zo en zich op een spelen andere aanpakken manier in de kijker .
29	In 2017 openen ze hun eerste zaak: Block & Barrels.	B1	In 2017 openen ze hun eerste zaak: Block & Barrels .	In 2017 openen ze hun eerste zaak: Block & Barrels	hun openen Barrels 2017 ze & zaak: In Block . eerste	hun openen Barrels 2017 ze & zaak: In Block eerste .	hun openen Barrels 2017 ze & zaak: In Block eerste	In 2017 ze hun eerste zaak: openen Block & Barrels .
30	Het restaurant staat in hartje stad en focust zich op duurzaam vlees en speciaalbier, dit alles in een pubsfeer.	B1	Het restaurant staat in hartje stad en focust zich op duurzaam vlees en speciaalbier , dit alles in een pubsfeer .	Het restaurant staat in hartje stad en focust zich op duurzaam vlees en speciaalbier dit alles in een pubsfeer	duurzaam pubsfeer speciaalbier en hartje restaurant staat alles stad Het op een in focust en zich vlees . , in dit	duurzaam pubsfeer speciaalbier en hartje restaurant staat alles stad Het op een in focust en zich vlees , in dit .	duurzaam pubsfeer speciaalbier en hartje restaurant staat alles stad Het op een in focust en zich vlees in dit	Het restaurant in hartje stad en zich op staat duurzaam vlees en speciaalbier , dit alles focust in een pubsfeer .
31	De mannen werken samen met lokale leveranciers en serveren producten uit de regio.	B1	De mannen werken samen met lokale leveranciers en serveren producten uit de regio .	De mannen werken samen met lokale leveranciers en serveren producten uit de regio	producten de . lokale samen met werken leveranciers uit serveren en regio De mannen	producten de lokale samen met werken leveranciers uit serveren en regio De mannen .	producten de lokale samen met werken leveranciers uit serveren en regio De mannen	De mannen samen met lokale leveranciers en werken producten uit de regio . serveren
32	Aan de kades van de Oudegracht De Oudegracht is het sfeervolle hart van de stad.	B2	Aan de kades van de Oudegracht De Oudegracht is het sfeervolle hart van de stad .	Aan de kades van de Oudegracht De Oudegracht is het sfeervolle hart van de stad	hart van stad de de is Oudegracht van de De Aan sfeervolle . Oudegracht het kades	hart van stad de de is Oudegracht van de De Aan sfeervolle Oudegracht het kades .	hart van stad de de is Oudegracht van de De Aan sfeervolle Oudegracht het kades	Aan is de kades van de Oudegracht De Oudegracht het sfeervolle hart van de stad .
33	In de middeleeuwen was het hier een drukte van belang met de aan- en afvoer van goederen.	B2	In de middeleeuwen was het hier een drukte van belang met de aan- en afvoer van goederen .	In de middeleeuwen was het hier een drukte van belang met de aan- en afvoer van goederen	en de van drukte afvoer aan- In goederen van de het was . een met middeleeuwen hier belang	en de van drukte afvoer aan- In goederen van de het was een met middeleeuwen hier belang .	en de van drukte afvoer aan- In goederen van de het was een met middeleeuwen hier belang	In de middeleeuwen het hier een was drukte van belang met de aan- en afvoer van goederen .
34	Nu is het een prachtige plek om te winkelen en te lunchen of te dineren in de oude stadskastelen.	B2	Nu is het een prachtige plek om te winkelen en te lunchen of te dineren in de oude stadskastelen .	Nu is het een prachtige plek om te winkelen en te lunchen of te dineren in de oude stadskastelen	om het te stadskastelen oude is plek dineren winkelen . en lunchen of te in te Nu de een prachtige	om het te stadskastelen oude is plek dineren winkelen en lunchen of te in te Nu de een prachtige .	om het te stadskastelen oude is plek dineren winkelen en lunchen of te in te Nu de een prachtige	Nu het winkelen een prachtige plek om te en of is in de oude te stadskastelen te dineren . lunchen
35	Vanuit de lichte en moderne stationshal van het Centraal Station van Utrecht loop je door het overdekte winkelcentrum Hoog Catharijne naar TivoliVredenburg op de hoek van de Catharijnesingel.	B2	Vanuit de lichte en moderne stationshal van het Centraal Station van Utrecht loop je door het overdekte winkelcentrum Hoog Catharijne naar TivoliVredenburg op de hoek van de Catharijnesingel .	Vanuit de lichte en moderne stationshal van het Centraal Station van Utrecht loop je door het overdekte winkelcentrum Hoog Catharijne naar TivoliVredenburg op de hoek van de Catharijnesingel	naar Utrecht op . Catharijne van moderne Centraal lichte van hoek de door je Hoog het het Station loop winkelcentrum de en van stationshal Catharijnesingel overdekte de Vanuit TivoliVredenburg	naar Utrecht op Catharijne van moderne Centraal lichte van hoek de door je Hoog het het Station loop winkelcentrum de en van stationshal Catharijnesingel overdekte de Vanuit TivoliVredenburg .	naar Utrecht op Catharijne van moderne Centraal lichte van hoek de door je Hoog het het Station loop winkelcentrum de en van stationshal Catharijnesingel overdekte de Vanuit TivoliVredenburg	Vanuit de lichte en moderne stationshal van het Centraal Station van Utrecht je door het loop overdekte winkelcentrum Hoog Catharijne naar TivoliVredenburg op de hoek van de Catharijnesingel .
36	Het Gegeven Paard, waar je heerlijk met een kop koffie kunt neerstrijken aan de lange tafels.	B2	Het Gegeven Paard , waar je heerlijk met een kop koffie kunt neerstrijken aan de lange tafels .	Het Gegeven Paard waar je heerlijk met een kop koffie kunt neerstrijken aan de lange tafels	tafels aan waar Gegeven heerlijk kunt koffie de , met Het lange Paard neerstrijken . kop je een	tafels aan waar Gegeven heerlijk kunt koffie de , met Het lange Paard neerstrijken kop je een .	tafels aan waar Gegeven heerlijk kunt koffie de met Het lange Paard neerstrijken kop je een	Het Gegeven neerstrijken Paard , waar kunt je heerlijk met een kop koffie aan de lange tafels .
37	De snelste route naar de Oudegracht, het centrum van Utrecht, loopt over de Lange Viestraat.	B2	De snelste route naar de Oudegracht , het centrum van Utrecht , loopt over de Lange Viestraat .	De snelste route naar de Oudegracht het centrum van Utrecht loopt over de Lange Viestraat	snelste van , Lange Utrecht Oudegracht , Viestraat over naar . het loopt de centrum de De route	snelste van , Lange Utrecht Oudegracht , Viestraat over naar het loopt de centrum de De route .	snelste van Lange Utrecht Oudegracht Viestraat over naar het loopt de centrum de De route	De snelste route naar de Oudegracht , het centrum van Utrecht , over de loopt Lange Viestraat .
38	Mode bij Hutspot Vervolg je weg langs de Oudegracht en bewonder de oude panden.	B2	Mode bij Hutspot Vervolg je weg langs de Oudegracht en bewonder de oude panden .	Mode bij Hutspot Vervolg je weg langs de Oudegracht en bewonder de oude panden	de Hutspot bij langs je . oude de Mode weg en bewonder Vervolg Oudegracht panden	de Hutspot bij langs je oude de Mode weg en bewonder Vervolg Oudegracht panden .	de Hutspot bij langs je oude de Mode weg en bewonder Vervolg Oudegracht panden	Mode bij Vervolg Hutspot je weg langs de Oudegracht en bewonder de oude panden .
39	Neem ook eens een zijweggetje, zoals de Vinkenburgstraat, die voetgangers vanaf de Oudegracht naar de Neude leidt.	B2	Neem ook eens een zijweggetje , zoals de Vinkenburgstraat , die voetgangers vanaf de Oudegracht naar de Neude leidt .	Neem ook eens een zijweggetje zoals de Vinkenburgstraat die voetgangers vanaf de Oudegracht naar de Neude leidt	Neem . de leidt zijweggetje de Vinkenburgstraat een Neude naar vanaf ook eens de zoals voetgangers , Oudegracht die ,	Neem de leidt zijweggetje de Vinkenburgstraat een Neude naar vanaf ook eens de zoals voetgangers , Oudegracht die , .	Neem de leidt zijweggetje de Vinkenburgstraat een Neude naar vanaf ook eens de zoals voetgangers Oudegracht die	ook eens een zijweggetje , zoals de Vinkenburgstraat leidt Neem , die voetgangers vanaf de Oudegracht naar de Neude .
40	Het is The Walk of Fame van Utrecht.	B2	Het is The Walk of Fame van Utrecht .	Het is The Walk of Fame van Utrecht	van Het Utrecht is . Fame of Walk The	van Het Utrecht is Fame of Walk The .	van Het Utrecht is Fame of Walk The	Het The Walk of Fame is van Utrecht .
41	Zo slenter je via de handafdrukken van onder anderen Georgina Verbaan, Barry Atsma en Carice van Houten richting hotspot Hutspot.	B2	Zo slenter je via de handafdrukken van onder anderen Georgina Verbaan , Barry Atsma en Carice van Houten richting hotspot Hutspot .	Zo slenter je via de handafdrukken van onder anderen Georgina Verbaan Barry Atsma en Carice van Houten richting hotspot Hutspot	, Atsma Barry van hotspot van via Zo anderen de onder Georgina je Houten slenter en Carice Hutspot richting handafdrukken . Verbaan	, Atsma Barry van hotspot van via Zo anderen de onder Georgina je Houten slenter en Carice Hutspot richting handafdrukken Verbaan .	Atsma Barry van hotspot van via Zo anderen de onder Georgina je Houten slenter en Carice Hutspot richting handafdrukken Verbaan	Zo je via de slenter handafdrukken van onder anderen Georgina Verbaan , Barry Atsma en Carice van Houten richting hotspot Hutspot .
42	In deze strak ingerichte conceptstore wordt moois van modelabels gecombineerd met lifestyle must haves en interieuraccessoires.	B2	In deze strak ingerichte conceptstore wordt moois van modelabels gecombineerd met lifestyle must haves en interieuraccessoires .	In deze strak ingerichte conceptstore wordt moois van modelabels gecombineerd met lifestyle must haves en interieuraccessoires	ingerichte modelabels must deze van lifestyle haves gecombineerd strak en interieuraccessoires met wordt conceptstore moois . In	ingerichte modelabels must deze van lifestyle haves gecombineerd strak en interieuraccessoires met wordt conceptstore moois In .	ingerichte modelabels must deze van lifestyle haves gecombineerd strak en interieuraccessoires met wordt conceptstore moois In	gecombineerd wordt In deze strak ingerichte conceptstore moois van modelabels met lifestyle must haves en interieuraccessoires .
43	In Leeuwarden is vanavond een groep van honderd tot tweehonderd Cambuursupporters samengekomen om de overwinning van de club op Excelsior te vieren.	B1+	In Leeuwarden is vanavond een groep van honderd tot tweehonderd Cambuursupporters samengekomen om de overwinning van de club op Excelsior te vieren .	In Leeuwarden is vanavond een groep van honderd tot tweehonderd Cambuursupporters samengekomen om de overwinning van de club op Excelsior te vieren	te samengekomen Excelsior Cambuursupporters Leeuwarden tweehonderd honderd In een groep vieren op om club de van vanavond is tot de overwinning van .	te samengekomen Excelsior Cambuursupporters Leeuwarden tweehonderd honderd In een groep vieren op om club de van vanavond is tot de overwinning van .	te samengekomen Excelsior Cambuursupporters Leeuwarden tweehonderd honderd In een groep vieren op om club de van vanavond is tot de overwinning van	In Leeuwarden vanavond te een groep van honderd tot tweehonderd Cambuursupporters samengekomen om de vieren overwinning van is de club op Excelsior .
44	Cambuur werd daardoor winterkampioen in de eerste divisie.	B1+	Cambuur werd daardoor winterkampioen in de eerste divisie .	Cambuur werd daardoor winterkampioen in de eerste divisie	winterkampioen Cambuur daardoor divisie eerste . de werd in	winterkampioen Cambuur daardoor divisie eerste de werd in .	winterkampioen Cambuur daardoor divisie eerste de werd in	Cambuur daardoor winterkampioen in werd de eerste divisie .
45	De spelersbus werd door een groep supporters onthaald.	B1+	De spelersbus werd door een groep supporters onthaald .	De spelersbus werd door een groep supporters onthaald	. onthaald spelersbus De door supporters groep werd een	onthaald spelersbus De door supporters groep werd een .	onthaald spelersbus De door supporters groep werd een	De spelersbus door onthaald een werd groep supporters .
46	Daarbij werd vuurwerk afgestoken.	B1+	Daarbij werd vuurwerk afgestoken .	Daarbij werd vuurwerk afgestoken	Daarbij . vuurwerk werd afgestoken	Daarbij vuurwerk werd afgestoken .	Daarbij vuurwerk werd afgestoken	afgestoken Daarbij vuurwerk . werd
47	Op beelden was te zien een groot deel van de mensen onvoldoende afstand hield en geen mondkapje droeg.	B1+	Op beelden was te zien een groot deel van de mensen onvoldoende afstand hield en geen mondkapje droeg .	Op beelden was te zien een groot deel van de mensen onvoldoende afstand hield en geen mondkapje droeg	droeg onvoldoende en geen een afstand was zien . hield groot mondkapje te de deel van beelden Op mensen	droeg onvoldoende en geen een afstand was zien hield groot mondkapje te de deel van beelden Op mensen .	droeg onvoldoende en geen een afstand was zien hield groot mondkapje te de deel van beelden Op mensen	hield Op beelden zien een groot deel van de mensen onvoldoende te was afstand en geen droeg mondkapje .
48	Er werden geen arrestaties verricht.	B1+	Er werden geen arrestaties verricht .	Er werden geen arrestaties verricht	arrestaties verricht geen Er werden .	arrestaties verricht geen Er werden .	arrestaties verricht geen Er werden	Er geen verricht arrestaties werden .
49	De politie was ter plaatse bij het Cambuurstadion, maar greep niet in.	B1+	De politie was ter plaatse bij het Cambuurstadion , maar greep niet in .	De politie was ter plaatse bij het Cambuurstadion maar greep niet in	in plaatse maar bij het , De niet greep ter was Cambuurstadion . politie	in plaatse maar bij het , De niet greep ter was Cambuurstadion politie .	in plaatse maar bij het De niet greep ter was Cambuurstadion politie	was De politie greep ter plaatse bij het Cambuurstadion , maar niet in .
50	Volgens een politiewoordvoerder duurde het ongeveer een half uur tot drie kwartier en konden de agenten op het moment zelf niet handhaven.	B1+	Volgens een politiewoordvoerder duurde het ongeveer een half uur tot drie kwartier en konden de agenten op het moment zelf niet handhaven .	Volgens een politiewoordvoerder duurde het ongeveer een half uur tot drie kwartier en konden de agenten op het moment zelf niet handhaven	zelf kwartier een konden het politiewoordvoerder niet de een duurde agenten Volgens tot drie het uur handhaven op . en moment ongeveer half	zelf kwartier een konden het politiewoordvoerder niet de een duurde agenten Volgens tot drie het uur handhaven op en moment ongeveer half .	zelf kwartier een konden het politiewoordvoerder niet de een duurde agenten Volgens tot drie het uur handhaven op en moment ongeveer half	Volgens een politiewoordvoerder duurde het ongeveer een half konden uur tot drie kwartier en de agenten op het moment zelf niet . handhaven
51	Daarover wil de politie verder niets kwijt.	B1+	Daarover wil de politie verder niets kwijt .	Daarover wil de politie verder niets kwijt	Daarover verder niets politie de kwijt wil .	Daarover verder niets politie de kwijt wil .	Daarover verder niets politie de kwijt wil	Daarover de politie verder niets kwijt wil .
52	De beelden zullen bestudeerd worden en mogelijk krijgen supporters alsnog een boete thuisgestuurd.	B1+	De beelden zullen bestudeerd worden en mogelijk krijgen supporters alsnog een boete thuisgestuurd .	De beelden zullen bestudeerd worden en mogelijk krijgen supporters alsnog een boete thuisgestuurd	krijgen supporters De alsnog boete en . mogelijk beelden bestudeerd een worden thuisgestuurd zullen	krijgen supporters De alsnog boete en mogelijk beelden bestudeerd een worden thuisgestuurd zullen .	krijgen supporters De alsnog boete en mogelijk beelden bestudeerd een worden thuisgestuurd zullen	De krijgen beelden thuisgestuurd en mogelijk supporters alsnog bestudeerd zullen worden een boete .
53	Niet blij Cambuurtrainer Henk de Jong had supporters juist opgeroepen om geen feest te vieren.	B1+	Niet blij Cambuurtrainer Henk de Jong had supporters juist opgeroepen om geen feest te vieren .	Niet blij Cambuurtrainer Henk de Jong had supporters juist opgeroepen om geen feest te vieren	juist blij Cambuurtrainer Niet had . om te supporters feest Jong de vieren geen Henk opgeroepen	juist blij Cambuurtrainer Niet had om te supporters feest Jong de vieren geen Henk opgeroepen .	juist blij Cambuurtrainer Niet had om te supporters feest Jong de vieren geen Henk opgeroepen	te Niet blij vieren opgeroepen Cambuurtrainer Henk de Jong supporters juist om geen feest . had
54	Hierover waren van tevoren ook afspraken gemaakt met de gemeente, zegt de politie.	B1+	Hierover waren van tevoren ook afspraken gemaakt met de gemeente , zegt de politie .	Hierover waren van tevoren ook afspraken gemaakt met de gemeente zegt de politie	. gemeente van Hierover waren de de met afspraken , ook gemaakt zegt politie tevoren	gemeente van Hierover waren de de met afspraken , ook gemaakt zegt politie tevoren .	gemeente van Hierover waren de de met afspraken ook gemaakt zegt politie tevoren	Hierover van tevoren gemaakt ook afspraken met de waren gemeente , de zegt politie .
55	"De gemeente Leeuwarden is niet blij dat men ""massaal op straat was"", laat een woordvoerder weten."	B1+	"De gemeente Leeuwarden is niet blij dat men ""massaal op straat was"" , laat een woordvoerder weten ."	"De gemeente Leeuwarden is niet blij dat men ""massaal op straat was"" laat een woordvoerder weten"	"dat De niet straat blij ""massaal men was"" laat weten op een . , Leeuwarden woordvoerder is gemeente"	"dat De niet straat blij ""massaal men was"" laat weten op een , Leeuwarden woordvoerder is gemeente ."	"dat De niet straat blij ""massaal men was"" laat weten op een Leeuwarden woordvoerder is gemeente"	"De gemeente Leeuwarden niet blij dat men "" massaal weten op straat is "" was , laat een woordvoerder ."
56	Dit stuk schreven we op 11 maart, voordat verplicht thuiswerken ineens de realiteit voor vrijwel heel Nederland werd.	B1+	Dit stuk schreven we op 11 maart , voordat verplicht thuiswerken ineens de realiteit voor vrijwel heel Nederland werd .	Dit stuk schreven we op 11 maart voordat verplicht thuiswerken ineens de realiteit voor vrijwel heel Nederland werd	11 we heel op Nederland Dit . schreven realiteit maart voordat verplicht de vrijwel voor , stuk thuiswerken werd ineens	11 we heel op Nederland Dit schreven realiteit maart voordat verplicht de vrijwel voor , stuk thuiswerken werd ineens .	11 we heel op Nederland Dit schreven realiteit maart voordat verplicht de vrijwel voor stuk thuiswerken werd ineens	Dit stuk verplicht we op thuiswerken 11 maart , voordat werd ineens de realiteit voor schreven vrijwel heel Nederland .
57	Nu, op 16 maart, we het zo real life met z’n allen uitproberen, hopen we dat de suggesties écht zo goed werken.	B1+	Nu , op 16 maart , we het zo real life met z’n allen uitproberen , hopen we dat de suggesties écht zo goed werken .	Nu op 16 maart we het zo real life met z’n allen uitproberen hopen we dat de suggesties écht zo goed werken	z’n maart zo het werken , zo real we dat . goed we met , de hopen Nu uitproberen 16 op , écht life suggesties allen	z’n maart zo het werken , zo real we dat goed we met , de hopen Nu uitproberen 16 op , écht life suggesties allen .	z’n maart zo het werken zo real we dat goed we met de hopen Nu uitproberen 16 op écht life suggesties allen	Nu , op 16 hopen maart , we het zo real life met werken z’n allen , we dat de suggesties écht uitproberen zo goed .
58	Als we betere ontdekkingen doen, of als we die horen van onze klanten, dan zullen we die hier ook delen.	B1+	Als we betere ontdekkingen doen , of als we die horen van onze klanten , dan zullen we die hier ook delen .	Als we betere ontdekkingen doen of als we die horen van onze klanten dan zullen we die hier ook delen	horen we ontdekkingen . ook we betere klanten delen doen als hier die we , onze Als of dan zullen van die ,	horen we ontdekkingen ook we betere klanten delen doen als hier die we , onze Als of dan zullen van die , .	horen we ontdekkingen ook we betere klanten delen doen als hier die we onze Als of dan zullen van die	Als doen we betere ontdekkingen , of als we die van onze zullen klanten , dan we die hier ook delen . horen
59	Bij Voys werken we vaak remote.	B1+	Bij Voys werken we vaak remote .	Bij Voys werken we vaak remote	. remote Bij werken we vaak Voys	remote Bij werken we vaak Voys .	remote Bij werken we vaak Voys	Bij Voys we werken vaak remote .
60	Daarnaast hebben we teams op verschillende locaties die veel met elkaar samenwerken.	B1+	Daarnaast hebben we teams op verschillende locaties die veel met elkaar samenwerken .	Daarnaast hebben we teams op verschillende locaties die veel met elkaar samenwerken	. verschillende Daarnaast we op elkaar locaties die met samenwerken teams veel hebben	verschillende Daarnaast we op elkaar locaties die met samenwerken teams veel hebben .	verschillende Daarnaast we op elkaar locaties die met samenwerken teams veel hebben	Daarnaast we teams op verschillende locaties die veel samenwerken met elkaar hebben .
61	We schreven eerder al eens stukken over remote werken en lange periodes werken in bijvoorbeeld het buitenland.	B1+	We schreven eerder al eens stukken over remote werken en lange periodes werken in bijvoorbeeld het buitenland .	We schreven eerder al eens stukken over remote werken en lange periodes werken in bijvoorbeeld het buitenland	al remote werken het eens over . lange in buitenland werken schreven en stukken periodes eerder We bijvoorbeeld	al remote werken het eens over lange in buitenland werken schreven en stukken periodes eerder We bijvoorbeeld .	al remote werken het eens over lange in buitenland werken schreven en stukken periodes eerder We bijvoorbeeld	We eerder al eens stukken over remote werken en lange periodes in werken bijvoorbeeld het buitenland schreven .
62	Maar wat als je -noodgedwongen- een aantal weken thuis mag werken?	B1+	Maar wat als je -noodgedwongen- een aantal weken thuis mag werken ?	Maar wat als je -noodgedwongen- een aantal weken thuis mag werken	een wat thuis aantal werken weken ? mag Maar -noodgedwongen- je als	een wat thuis aantal werken weken mag Maar -noodgedwongen- je als ?	een wat thuis aantal werken weken mag Maar -noodgedwongen- je als	Maar wat als je -noodgedwongen- een mag aantal weken werken thuis ?
63	Of dat een heel team een tijd fysiek niet bij elkaar komt, dat je elkaar niet in levenden lijve ziet?	B1+	Of dat een heel team een tijd fysiek niet bij elkaar komt , dat je elkaar niet in levenden lijve ziet ?	Of dat een heel team een tijd fysiek niet bij elkaar komt dat je elkaar niet in levenden lijve ziet	dat bij ? heel een Of niet je ziet een elkaar , in levenden tijd elkaar dat team fysiek komt niet lijve	dat bij heel een Of niet je ziet een elkaar , in levenden tijd elkaar dat team fysiek komt niet lijve ?	dat bij heel een Of niet je ziet een elkaar in levenden tijd elkaar dat team fysiek komt niet lijve	Of dat een heel team een tijd fysiek niet bij elkaar , dat je komt elkaar niet ziet in levenden lijve ?
64	Welke tips, tools en werkprocessen kunnen je op dat moment helpen?	B1+	Welke tips , tools en werkprocessen kunnen je op dat moment helpen ?	Welke tips tools en werkprocessen kunnen je op dat moment helpen	en werkprocessen dat , je kunnen helpen op ? moment Welke tips tools	en werkprocessen dat , je kunnen helpen op moment Welke tips tools ?	en werkprocessen dat je kunnen helpen op moment Welke tips tools	Welke tips kunnen , tools en werkprocessen helpen je op dat moment ?
65	Dat zochten we voor je uit, het resultaat: 15 tips om van thuiswerken een succes te maken.	B1+	Dat zochten we voor je uit , het resultaat: 15 tips om van thuiswerken een succes te maken .	Dat zochten we voor je uit het resultaat: 15 tips om van thuiswerken een succes te maken	zochten , . Dat maken succes een om uit we je voor het van 15 thuiswerken resultaat: tips te	zochten , Dat maken succes een om uit we je voor het van 15 thuiswerken resultaat: tips te .	zochten Dat maken succes een om uit we je voor het van 15 thuiswerken resultaat: tips te	Dat zochten we voor je uit , het resultaat: 15 tips om van te maken een succes thuiswerken .
67	Maak duidelijke spelregels voor thuiswerk.	B1+	Maak duidelijke spelregels voor thuiswerk .	Maak duidelijke spelregels voor thuiswerk	thuiswerk voor . spelregels duidelijke Maak	thuiswerk voor spelregels duidelijke Maak .	thuiswerk voor spelregels duidelijke Maak	duidelijke spelregels Maak voor thuiswerk .
68	Dit geeft duidelijkheid voor degenen die thuiswerken en voor de collega’s die dat niet doen.	B1+	Dit geeft duidelijkheid voor degenen die thuiswerken en voor de collega’s die dat niet doen .	Dit geeft duidelijkheid voor degenen die thuiswerken en voor de collega’s die dat niet doen	duidelijkheid de . dat degenen en Dit die niet collega’s geeft voor thuiswerken voor doen die	duidelijkheid de dat degenen en Dit die niet collega’s geeft voor thuiswerken voor doen die .	duidelijkheid de dat degenen en Dit die niet collega’s geeft voor thuiswerken voor doen die	Dit duidelijkheid voor thuiswerken degenen die en voor de collega’s die geeft doen dat niet .
69	Denk aan spelregels over over werktijden, beschikbaarheid maar ook over bijvoorbeeld communicatie en het gebruik van tools.	B1+	Denk aan spelregels over over werktijden , beschikbaarheid maar ook over bijvoorbeeld communicatie en het gebruik van tools .	Denk aan spelregels over over werktijden beschikbaarheid maar ook over bijvoorbeeld communicatie en het gebruik van tools	Denk bijvoorbeeld communicatie en gebruik van over het aan beschikbaarheid ook spelregels over over . , maar werktijden tools	Denk bijvoorbeeld communicatie en gebruik van over het aan beschikbaarheid ook spelregels over over , maar werktijden tools .	Denk bijvoorbeeld communicatie en gebruik van over het aan beschikbaarheid ook spelregels over over maar werktijden tools	aan spelregels over over werktijden , beschikbaarheid Denk maar ook over bijvoorbeeld communicatie en het gebruik van tools .
70	Omdat je elkaar minder ‘ziet’, kan er onduidelijkheid en frustratie ontstaan.	B1+	Omdat je elkaar minder ‘ziet’ , kan er onduidelijkheid en frustratie ontstaan .	Omdat je elkaar minder ‘ziet’ kan er onduidelijkheid en frustratie ontstaan	er , kan . ontstaan minder frustratie ‘ziet’ je elkaar Omdat en onduidelijkheid	er , kan ontstaan minder frustratie ‘ziet’ je elkaar Omdat en onduidelijkheid .	er kan ontstaan minder frustratie ‘ziet’ je elkaar Omdat en onduidelijkheid	Omdat je elkaar minder ontstaan ‘kan’ , er onduidelijkheid en ziet frustratie .
71	Het lijkt erop dat 2020, samen met 2014, het warmste jaar ooit gemeten wordt.	A2+	Het lijkt erop dat 2020 , samen met 2014 , het warmste jaar ooit gemeten wordt .	Het lijkt erop dat 2020 samen met 2014 het warmste jaar ooit gemeten wordt	dat warmste het samen erop , ooit 2014 wordt , Het jaar 2020 met . lijkt gemeten	dat warmste het samen erop , ooit 2014 wordt , Het jaar 2020 met lijkt gemeten .	dat warmste het samen erop ooit 2014 wordt Het jaar 2020 met lijkt gemeten	Het erop wordt lijkt dat 2020 , samen gemeten met 2014 , het warmste jaar ooit .
72	Gemiddeld was het dit jaar 11,7 graden.	A2+	Gemiddeld was het dit jaar 11,7 graden .	Gemiddeld was het dit jaar 117 graden	het Gemiddeld graden was . jaar dit 11,7	het Gemiddeld graden was jaar dit 11,7 .	het Gemiddeld graden was jaar dit 11,7	Gemiddeld het dit jaar 11,7 graden was .
73	Het was in 2020 maar liefst 225 dagen warmer dan normaal.	A2+	Het was in 2020 maar liefst 225 dagen warmer dan normaal .	Het was in 2020 maar liefst 225 dagen warmer dan normaal	. normaal warmer liefst dan dagen was 2020 maar in 225 Het	normaal warmer liefst dan dagen was 2020 maar in 225 Het .	normaal warmer liefst dan dagen was 2020 maar in 225 Het	Het in 2020 maar liefst 225 dagen was warmer dan normaal .
74	Alleen in mei en juli was het wat kouder dan gemiddeld, in alle andere maanden was het warmer.	A2+	Alleen in mei en juli was het wat kouder dan gemiddeld , in alle andere maanden was het warmer .	Alleen in mei en juli was het wat kouder dan gemiddeld in alle andere maanden was het warmer	andere in wat het . mei Alleen warmer juli alle en maanden , was kouder dan in gemiddeld het was	andere in wat het mei Alleen warmer juli alle en maanden , was kouder dan in gemiddeld het was .	andere in wat het mei Alleen warmer juli alle en maanden was kouder dan in gemiddeld het was	Alleen in was mei en juli het wat kouder was dan gemiddeld , in alle andere maanden het warmer .
75	Vooral in januari en februari was dat zo.	A2+	Vooral in januari en februari was dat zo .	Vooral in januari en februari was dat zo	dat zo en . januari in februari Vooral was	dat zo en januari in februari Vooral was .	dat zo en januari in februari Vooral was	Vooral in was januari en februari dat zo .
76	Het heeft in 2020 maar een paar dagen gevroren.	A2+	Het heeft in 2020 maar een paar dagen gevroren .	Het heeft in 2020 maar een paar dagen gevroren	gevroren Het dagen in een 2020 paar maar . heeft	gevroren Het dagen in een 2020 paar maar heeft .	gevroren Het dagen in een 2020 paar maar heeft	Het in 2020 gevroren heeft maar een paar dagen .
77	In andere jaren gebeurde dat vaker.	A2+	In andere jaren gebeurde dat vaker .	In andere jaren gebeurde dat vaker	. andere dat In vaker gebeurde jaren	andere dat In vaker gebeurde jaren .	andere dat In vaker gebeurde jaren	In gebeurde andere jaren dat vaker .
78	Dit jaar werden ook veel nieuwe warmterecords gehaald.	A2+	Dit jaar werden ook veel nieuwe warmterecords gehaald .	Dit jaar werden ook veel nieuwe warmterecords gehaald	gehaald ook Dit nieuwe veel warmterecords jaar werden .	gehaald ook Dit nieuwe veel warmterecords jaar werden .	gehaald ook Dit nieuwe veel warmterecords jaar werden	Dit jaar ook veel nieuwe werden gehaald warmterecords .
79	Op 15 september werd de hoogste temperatuur ooit in september gemeten.	A2+	Op 15 september werd de hoogste temperatuur ooit in september gemeten .	Op 15 september werd de hoogste temperatuur ooit in september gemeten	in Op . ooit hoogste september werd de gemeten september temperatuur 15	in Op ooit hoogste september werd de gemeten september temperatuur 15 .	in Op ooit hoogste september werd de gemeten september temperatuur 15	Op 15 september de hoogste temperatuur werd gemeten ooit in september .
80	Bij het officiële weerstation in De Bilt werd het toen 31,4 graden.	A2+	Bij het officiële weerstation in De Bilt werd het toen 31,4 graden .	Bij het officiële weerstation in De Bilt werd het toen 314 graden	graden werd Bilt 31,4 het toen het in officiële . weerstation De Bij	graden werd Bilt 31,4 het toen het in officiële weerstation De Bij .	graden werd Bilt 31,4 het toen het in officiële weerstation De Bij	Bij het officiële weerstation in De Bilt het toen 31,4 werd graden .
81	Er zijn momenten dat ik me ineens erg oud voel.	B1+	Er zijn momenten dat ik me ineens erg oud voel .	Er zijn momenten dat ik me ineens erg oud voel	ineens zijn erg Er momenten . dat oud voel me ik	ineens zijn erg Er momenten dat oud voel me ik .	ineens zijn erg Er momenten dat oud voel me ik	Er momenten dat zijn ik me ineens erg voel oud .
82	Op 6 juni 2014 was de 30-ste verjaardag van Tetris.	B1+	Op 6 juni 2014 was de 30-ste verjaardag van Tetris .	Op 6 juni 2014 was de 30-ste verjaardag van Tetris	van 2014 verjaardag 30-ste . was juni 6 de Op Tetris	van 2014 verjaardag 30-ste was juni 6 de Op Tetris .	van 2014 verjaardag 30-ste was juni 6 de Op Tetris	Op 6 was juni 2014 de 30-ste verjaardag van Tetris .
83	En ook ergens dit jaar is het de 30-ste verjaardag van Ghostbusters.	B1+	En ook ergens dit jaar is het de 30-ste verjaardag van Ghostbusters .	En ook ergens dit jaar is het de 30-ste verjaardag van Ghostbusters	dit Ghostbusters 30-ste ook ergens En de is . het van jaar verjaardag	dit Ghostbusters 30-ste ook ergens En de is het van jaar verjaardag .	dit Ghostbusters 30-ste ook ergens En de is het van jaar verjaardag	En ook is ergens dit jaar het de 30-ste verjaardag van Ghostbusters .
84	Ik herinner me van Ghostbusters vooral het melodietje dat (op mijn Commodore 64) zonder veel variatie maar door bleef gaan.	B1+	Ik herinner me van Ghostbusters vooral het melodietje dat (op mijn Commodore 64) zonder veel variatie maar door bleef gaan .	Ik herinner me van Ghostbusters vooral het melodietje dat (op mijn Commodore 64) zonder veel variatie maar door bleef gaan	van maar melodietje door (op het variatie bleef Commodore Ghostbusters me dat . vooral zonder mijn Ik veel herinner gaan 64)	van maar melodietje door (op het variatie bleef Commodore Ghostbusters me dat vooral zonder mijn Ik veel herinner gaan 64) .	van maar melodietje door (op het variatie bleef Commodore Ghostbusters me dat vooral zonder mijn Ik veel herinner gaan 64)	Ik me van door Ghostbusters vooral het melodietje dat (op mijn Commodore gaan bleef 64) zonder herinner veel variatie maar .
85	Aan het spel zelf heb ik niet zo veel tijd besteed.	B1+	Aan het spel zelf heb ik niet zo veel tijd besteed .	Aan het spel zelf heb ik niet zo veel tijd besteed	veel . zo niet het besteed spel tijd Aan zelf ik heb	veel zo niet het besteed spel tijd Aan zelf ik heb .	veel zo niet het besteed spel tijd Aan zelf ik heb	Aan het besteed spel zelf ik niet heb zo veel tijd .
86	Op dit moment zijn er nog legio Ghostbuster attributen te koop.	B1+	Op dit moment zijn er nog legio Ghostbuster attributen te koop .	Op dit moment zijn er nog legio Ghostbuster attributen te koop	legio te zijn nog er koop moment dit . Ghostbuster attributen Op	legio te zijn nog er koop moment dit Ghostbuster attributen Op .	legio te zijn nog er koop moment dit Ghostbuster attributen Op	zijn Op dit moment er nog legio Ghostbuster attributen te koop .
87	En Tetris had ook als zo’n herkenbaar geluidje.	B1+	En Tetris had ook als zo’n herkenbaar geluidje .	En Tetris had ook als zo’n herkenbaar geluidje	als herkenbaar geluidje En Tetris . had ook zo’n	als herkenbaar geluidje En Tetris had ook zo’n .	als herkenbaar geluidje En Tetris had ook zo’n	En Tetris ook als zo’n herkenbaar geluidje . had
88	Dit was echt verslavend en het gaat helemaal nergens over.	B1+	Dit was echt verslavend en het gaat helemaal nergens over .	Dit was echt verslavend en het gaat helemaal nergens over	gaat echt het over helemaal verslavend was Dit . en nergens	gaat echt het over helemaal verslavend was Dit en nergens .	gaat echt het over helemaal verslavend was Dit en nergens	Dit was echt verslavend en het helemaal gaat nergens over .
89	Waarom was Tetris zo verslavend?	B1+	Waarom was Tetris zo verslavend ?	Waarom was Tetris zo verslavend	was ? Waarom Tetris verslavend zo	was Waarom Tetris verslavend zo ?	was Waarom Tetris verslavend zo	was Waarom Tetris zo verslavend ?
90	Tom Stafford bekijkt “The psychology of Tetris”.	B1+	Tom Stafford bekijkt “The psychology of Tetris” .	Tom Stafford bekijkt “The psychology of Tetris”	of psychology bekijkt “The . Tetris” Stafford Tom	of psychology bekijkt “The Tetris” Stafford Tom .	of psychology bekijkt “The Tetris” Stafford Tom	Tom Stafford “The psychology of Tetris” . bekijkt
91	Tom beschrijft het Zeigarnik Effect waar bij ons brein zich richt op nog niet voltooide taken, maar voltooide taken ook weer direct vergeet.	B1+	Tom beschrijft het Zeigarnik Effect waar bij ons brein zich richt op nog niet voltooide taken , maar voltooide taken ook weer direct vergeet .	Tom beschrijft het Zeigarnik Effect waar bij ons brein zich richt op nog niet voltooide taken maar voltooide taken ook weer direct vergeet	taken brein , richt waar . Effect zich Zeigarnik maar taken direct bij weer op ook nog beschrijft voltooide het voltooide Tom niet vergeet ons	taken brein , richt waar Effect zich Zeigarnik maar taken direct bij weer op ook nog beschrijft voltooide het voltooide Tom niet vergeet ons .	taken brein richt waar Effect zich Zeigarnik maar taken direct bij weer op ook nog beschrijft voltooide het voltooide Tom niet vergeet ons	Tom het Zeigarnik Effect richt waar bij ons beschrijft brein zich op nog niet voltooide taken , maar voltooide taken ook weer direct . vergeet
92	Een verschijnsel dat ik in de klas ook wel zie.	B1+	Een verschijnsel dat ik in de klas ook wel zie .	Een verschijnsel dat ik in de klas ook wel zie	ook klas . ik zie Een dat verschijnsel wel de in	ook klas ik zie Een dat verschijnsel wel de in .	ook klas ik zie Een dat verschijnsel wel de in	Een verschijnsel dat ik in de zie klas ook wel .
93	Leerlingen zijn druk bezig met een opdracht of opgave.	B1+	Leerlingen zijn druk bezig met een opdracht of opgave .	Leerlingen zijn druk bezig met een opdracht of opgave	opdracht bezig opgave druk een zijn . Leerlingen of met	opdracht bezig opgave druk een zijn Leerlingen of met .	opdracht bezig opgave druk een zijn Leerlingen of met	Leerlingen druk zijn bezig met een opdracht of opgave .
94	Ze overleggen met buren.	B1+	Ze overleggen met buren .	Ze overleggen met buren	. Ze buren overleggen met	Ze buren overleggen met .	Ze buren overleggen met	overleggen Ze met buren .
95	Komen tot een juiste conclusie.	B1+	Komen tot een juiste conclusie .	Komen tot een juiste conclusie	conclusie juiste Komen een . tot	conclusie juiste Komen een tot .	conclusie juiste Komen een tot	tot een juiste conclusie Komen .
96	En als ik dan even later een andere opdracht geeft over hetzelfde onderwerp dan hebben leerlingen geen idee meer.	B1+	En als ik dan even later een andere opdracht geeft over hetzelfde onderwerp dan hebben leerlingen geen idee meer .	En als ik dan even later een andere opdracht geeft over hetzelfde onderwerp dan hebben leerlingen geen idee meer	over als dan hetzelfde leerlingen later onderwerp even dan andere ik opdracht hebben En idee . meer een geen geeft	over als dan hetzelfde leerlingen later onderwerp even dan andere ik opdracht hebben En idee meer een geen geeft .	over als dan hetzelfde leerlingen later onderwerp even dan andere ik opdracht hebben En idee meer een geen geeft	En als ik dan even later een andere opdracht over hetzelfde onderwerp dan leerlingen geen idee meer geeft . hebben
97	Dit voorjaar is het vijf jaar geleden dat we bij Voys begonnen met Holacracy.	B1+	Dit voorjaar is het vijf jaar geleden dat we bij Voys begonnen met Holacracy .	Dit voorjaar is het vijf jaar geleden dat we bij Voys begonnen met Holacracy	met . jaar begonnen voorjaar vijf is Dit het we geleden bij dat Holacracy Voys	met jaar begonnen voorjaar vijf is Dit het we geleden bij dat Holacracy Voys .	met jaar begonnen voorjaar vijf is Dit het we geleden bij dat Holacracy Voys	Dit voorjaar het vijf jaar geleden is dat we bij Voys met Holacracy begonnen .
98	Hoe staat het er nu voor en wat hebben we geleerd van het organisatiemodel?	B1+	Hoe staat het er nu voor en wat hebben we geleerd van het organisatiemodel ?	Hoe staat het er nu voor en wat hebben we geleerd van het organisatiemodel	en ? het van wat we het Hoe voor staat hebben organisatiemodel geleerd nu er	en het van wat we het Hoe voor staat hebben organisatiemodel geleerd nu er ?	en het van wat we het Hoe voor staat hebben organisatiemodel geleerd nu er	Hoe het er nu voor en wat staat we geleerd van hebben het organisatiemodel ?
99	Dat vertellen we in de reeks ‘5 jaar Holacracy’.	B1+	Dat vertellen we in de reeks ‘5 jaar Holacracy’ .	Dat vertellen we in de reeks ‘5 jaar Holacracy’	Dat vertellen reeks de ‘5 we in jaar . Holacracy’	Dat vertellen reeks de ‘5 we in jaar Holacracy’ .	Dat vertellen reeks de ‘5 we in jaar Holacracy’	Dat we in de reeks ‘5 jaar Holacracy’ . vertellen
